8900000,カゴシマケン,カゴシマシ,イカニケイサイガナイバアイ,鹿児島県,鹿児島市,以下に掲載がない場合
8900054,カゴシマケン,カゴシマシ,アラタ,鹿児島県,鹿児島市,荒田
8911545,カゴシマケン,カゴシマシ,アリムラチョウ,鹿児島県,鹿児島市,有村町
8911107,カゴシマケン,カゴシマシ,アリヤダチョウ,鹿児島県,鹿児島市,有屋田町
8920806,カゴシマケン,カゴシマシ,イケノウエチョウ,鹿児島県,鹿児島市,池之上町
8900008,カゴシマケン,カゴシマシ,イシキ,鹿児島県,鹿児島市,伊敷
8900007,カゴシマケン,カゴシマシ,イシキダイ,鹿児島県,鹿児島市,伊敷台
8911203,カゴシマケン,カゴシマシ,イシキチョウ(4710-4741、4747-4761-3バンチ),鹿児島県,鹿児島市,伊敷町（４７１０〜４７４１、４７４７〜４７６１−３番地）
8900003,カゴシマケン,カゴシマシ,イシキチョウ(ソノタ),鹿児島県,鹿児島市,伊敷町（その他）
8992701,カゴシマケン,カゴシマシ,イシダニチョウ,鹿児島県,鹿児島市,石谷町
8920822,カゴシマケン,カゴシマシ,イズミチョウ,鹿児島県,鹿児島市,泉町
8920801,カゴシマケン,カゴシマシ,イナリチョウ,鹿児島県,鹿児島市,稲荷町
8911205,カゴシマケン,カゴシマシ,イヌザコチョウ,鹿児島県,鹿児島市,犬迫町
8993206,カゴシマケン,カゴシマシ,イリサチョウ(1738、1739バンチ),鹿児島県,鹿児島市,入佐町（１７３８、１７３９番地）
8992706,カゴシマケン,カゴシマシ,イリサチョウ(ソノタ),鹿児島県,鹿児島市,入佐町（その他）
8900055,カゴシマケン,カゴシマシ,ウエアラタチョウ,鹿児島県,鹿児島市,上荒田町
8900052,カゴシマケン,カゴシマシ,ウエノソノチョウ,鹿児島県,鹿児島市,上之園町
8910112,カゴシマケン,カゴシマシ,ウオミチョウ,鹿児島県,鹿児島市,魚見町
8900073,カゴシマケン,カゴシマシ,ウスキ,鹿児島県,鹿児島市,宇宿
8900074,カゴシマケン,カゴシマシ,ウスキチョウ,鹿児島県,鹿児島市,宇宿町
8920876,カゴシマケン,カゴシマシ,オカノハラチョウ(832ノ2・4、852ノ3),鹿児島県,鹿児島市,岡之原町（８３２の２・４、８５２の３）
8911201,カゴシマケン,カゴシマシ,オカノハラチョウ(ソノタ),鹿児島県,鹿児島市,岡之原町（その他）
8920817,カゴシマケン,カゴシマシ,オガワチョウ,鹿児島県,鹿児島市,小川町
8900021,カゴシマケン,カゴシマシ,オノ,鹿児島県,鹿児島市,小野
8911222,カゴシマケン,カゴシマシ,オノチョウ(4784-5118バンチ),鹿児島県,鹿児島市,小野町（４７８４〜５１１８番地）
8900022,カゴシマケン,カゴシマシ,オノチョウ(ソノタ),鹿児島県,鹿児島市,小野町（その他）
8910111,カゴシマケン,カゴシマシ,オバラチョウ,鹿児島県,鹿児島市,小原町
8910123,カゴシマケン,カゴシマシ,オロシホンマチ,鹿児島県,鹿児島市,卸本町
8920846,カゴシマケン,カゴシマシ,カジヤチョウ,鹿児島県,鹿児島市,加治屋町
8920804,カゴシマケン,カゴシマシ,カスガチョウ,鹿児島県,鹿児島市,春日町
8920851,カゴシマケン,カゴシマシ,カミタツオチョウ,鹿児島県,鹿児島市,上竜尾町
8992703,カゴシマケン,カゴシマシ,カミタニグチチョウ,鹿児島県,鹿児島市,上谷口町
8910116,カゴシマケン,カゴシマシ,カミフクモトチョウ,鹿児島県,鹿児島市,上福元町
8920818,カゴシマケン,カゴシマシ,カミホンマチ,鹿児島県,鹿児島市,上本町
8900063,カゴシマケン,カゴシマシ,カモイケ,鹿児島県,鹿児島市,鴨池
8900064,カゴシマケン,カゴシマシ,カモイケシンマチ,鹿児島県,鹿児島市,鴨池新町
8911275,カゴシマケン,カゴシマシ,カワカミチョウ(3649、3661、3667、3667-3、3669-4、3671、,鹿児島県,鹿児島市,川上町（３６４９、３６６１、３６６７、３６６７−３、３６６９−４、３６７１、
8911275,カゴシマケン,カゴシマシ,3672、3673-1、3674、3674-2、3674-8、3680-1、,鹿児島県,鹿児島市,３６７２、３６７３−１、３６７４、３６７４−２、３６７４−８、３６８０−１、
8911275,カゴシマケン,カゴシマシ,3701、3704、3723-3、3723-5、4125、4128、,鹿児島県,鹿児島市,３７０１、３７０４、３７２３−３、３７２３−５、４１２５、４１２８、
8911275,カゴシマケン,カゴシマシ,4128-3、4128-4、4128-5、4132、4132-4、4133、,鹿児島県,鹿児島市,４１２８−３、４１２８−４、４１２８−５、４１３２、４１３２−４、４１３３、
8911275,カゴシマケン,カゴシマシ,4133-2、4138、4203、4203-1、4209、4209-6、,鹿児島県,鹿児島市,４１３３−２、４１３８、４２０３、４２０３−１、４２０９、４２０９−６、
8911275,カゴシマケン,カゴシマシ,4211-1、4215、4215-1、4216-3、4216-10、,鹿児島県,鹿児島市,４２１１−１、４２１５、４２１５−１、４２１６−３、４２１６−１０、
8911275,カゴシマケン,カゴシマシ,4216-12、4236-1、4238、4238-1、4238-2、,鹿児島県,鹿児島市,４２１６−１２、４２３６−１、４２３８、４２３８−１、４２３８−２、
8911275,カゴシマケン,カゴシマシ,4241、4242、4242-3、4244、4244-1、4244-3、,鹿児島県,鹿児島市,４２４１、４２４２、４２４２−３、４２４４、４２４４−１、４２４４−３、
8911275,カゴシマケン,カゴシマシ,4244-4バンチ),鹿児島県,鹿児島市,４２４４−４番地）
8920875,カゴシマケン,カゴシマシ,カワカミチョウ(ソノタ),鹿児島県,鹿児島市,川上町（その他）
8911103,カゴシマケン,カゴシマシ,カワダチョウ,鹿児島県,鹿児島市,川田町
8910201,カゴシマケン,カゴシマシ,キイレセセクシチョウ,鹿児島県,鹿児島市,喜入瀬々串町
8910202,カゴシマケン,カゴシマシ,キイレナカミョウチョウ,鹿児島県,鹿児島市,喜入中名町
8910206,カゴシマケン,カゴシマシ,キイレヌクミチョウ,鹿児島県,鹿児島市,喜入生見町
8910204,カゴシマケン,カゴシマシ,キイレヒトクラチョウ,鹿児島県,鹿児島市,喜入一倉町
8910205,カゴシマケン,カゴシマシ,キイレマエノハマチョウ,鹿児島県,鹿児島市,喜入前之浜町
8910203,カゴシマケン,カゴシマシ,キイレチョウ,鹿児島県,鹿児島市,喜入町
8910107,カゴシマケン,カゴシマシ,キボウガオカチョウ,鹿児島県,鹿児島市,希望ケ丘町
8910145,カゴシマケン,カゴシマシ,キンコウダイ,鹿児島県,鹿児島市,錦江台
8920836,カゴシマケン,カゴシマシ,キンコウチョウ,鹿児島県,鹿児島市,錦江町
8920828,カゴシマケン,カゴシマシ,キンセイチョウ,鹿児島県,鹿児島市,金生町
8920803,カゴシマケン,カゴシマシ,ギオンノスチョウ,鹿児島県,鹿児島市,祇園之洲町
8911501,カゴシマケン,カゴシマシ,クロカミチョウ(ハゼノキガダニ),鹿児島県,鹿児島市,黒神町（枦ノ木ケ谷）
8911401,カゴシマケン,カゴシマシ,クロカミチョウ(ソノタ),鹿児島県,鹿児島市,黒神町（その他）
8911204,カゴシマケン,カゴシマシ,ケノヒカリガオカ,鹿児島県,鹿児島市,花野光ケ丘
8920837,カゴシマケン,カゴシマシ,コウツキチョウ,鹿児島県,鹿児島市,甲突町
8910103,カゴシマケン,カゴシマシ,コウトクジダイ,鹿児島県,鹿児島市,皇徳寺台
8911402,カゴシマケン,カゴシマシ,コウメンチョウ,鹿児島県,鹿児島市,高免町
8900038,カゴシマケン,カゴシマシ,コウヨウ,鹿児島県,鹿児島市,向陽
8900051,カゴシマケン,カゴシマシ,コウライチョウ,鹿児島県,鹿児島市,高麗町
8900065,カゴシマケン,カゴシマシ,コオリモト,鹿児島県,鹿児島市,郡元
8900084,カゴシマケン,カゴシマシ,コオリモトチョウ,鹿児島県,鹿児島市,郡元町
8911108,カゴシマケン,カゴシマシ,コオリヤマタケマチ,鹿児島県,鹿児島市,郡山岳町
8911105,カゴシマケン,カゴシマシ,コオリヤマチョウ,鹿児島県,鹿児島市,郡山町
8910101,カゴシマケン,カゴシマシ,ゴカベップチョウ,鹿児島県,鹿児島市,五ケ別府町
8920826,カゴシマケン,カゴシマシ,ゴフクマチ,鹿児島県,鹿児島市,呉服町
8910114,カゴシマケン,カゴシマシ,コマツバラ,鹿児島県,鹿児島市,小松原
8992531,カゴシマケン,カゴシマシ,コヤマダチョウ(5199、5200、5205バンチ),鹿児島県,鹿児島市,小山田町（５１９９、５２００、５２０５番地）
8911231,カゴシマケン,カゴシマシ,コヤマダチョウ(ソノタ),鹿児島県,鹿児島市,小山田町（その他）
8910150,カゴシマケン,カゴシマシ,サカノウエ,鹿児島県,鹿児島市,坂之上
8920862,カゴシマケン,カゴシマシ,サカモトチョウ,鹿児島県,鹿児島市,坂元町
8910175,カゴシマケン,カゴシマシ,サクラガオカ(1-6チョウメ),鹿児島県,鹿児島市,桜ケ丘（１〜６丁目）
8900075,カゴシマケン,カゴシマシ,サクラガオカ(7、8チョウメ),鹿児島県,鹿児島市,桜ケ丘（７、８丁目）
8911420,カゴシマケン,カゴシマシ,サクラジマアカミズチョウ,鹿児島県,鹿児島市,桜島赤水町
8911417,カゴシマケン,カゴシマシ,サクラジマアコウバルチョウ,鹿児島県,鹿児島市,桜島赤生原町
8911418,カゴシマケン,カゴシマシ,サクラジマコイケチョウ,鹿児島県,鹿児島市,桜島小池町
8911414,カゴシマケン,カゴシマシ,サクラジマサイドウチョウ,鹿児島県,鹿児島市,桜島西道町
8911411,カゴシマケン,カゴシマシ,サクラジマシラハマチョウ,鹿児島県,鹿児島市,桜島白浜町
8911416,カゴシマケン,カゴシマシ,サクラジマタケチョウ,鹿児島県,鹿児島市,桜島武町
8911415,カゴシマケン,カゴシマシ,サクラジマフジノチョウ,鹿児島県,鹿児島市,桜島藤野町
8911412,カゴシマケン,カゴシマシ,サクラジマフタマタチョウ,鹿児島県,鹿児島市,桜島二俣町
8911413,カゴシマケン,カゴシマシ,サクラジママツウラチョウ,鹿児島県,鹿児島市,桜島松浦町
8911419,カゴシマケン,カゴシマシ,サクラジマヨコヤマチョウ,鹿児島県,鹿児島市,桜島横山町
8900071,カゴシマケン,カゴシマシ,サンワチョウ,鹿児島県,鹿児島市,三和町
8910146,カゴシマケン,カゴシマシ,ジゲンジチョウ,鹿児島県,鹿児島市,慈眼寺町
8920802,カゴシマケン,カゴシマシ,シミズチョウ,鹿児島県,鹿児島市,清水町
8900056,カゴシマケン,カゴシマシ,シモアラタ,鹿児島県,鹿児島市,下荒田
8900005,カゴシマケン,カゴシマシ,シモイシキ,鹿児島県,鹿児島市,下伊敷
8900004,カゴシマケン,カゴシマシ,シモイシキチョウ,鹿児島県,鹿児島市,下伊敷町
8920873,カゴシマケン,カゴシマシ,シモタチョウ,鹿児島県,鹿児島市,下田町
8920852,カゴシマケン,カゴシマシ,シモタツオチョウ,鹿児島県,鹿児島市,下竜尾町
8910144,カゴシマケン,カゴシマシ,シモフクモトチョウ,鹿児島県,鹿児島市,下福元町
8910106,カゴシマケン,カゴシマシ,ジユウガオカ,鹿児島県,鹿児島市,自由ケ丘
8900041,カゴシマケン,カゴシマシ,ジョウセイ,鹿児島県,鹿児島市,城西
8920835,カゴシマケン,カゴシマシ,ジョウナンチョウ,鹿児島県,鹿児島市,城南町
8992707,カゴシマケン,カゴシマシ,ショウヨウダイチョウ,鹿児島県,鹿児島市,松陽台町
8900013,カゴシマケン,カゴシマシ,シロヤマ(1チョウメ),鹿児島県,鹿児島市,城山（１丁目）
8920813,カゴシマケン,カゴシマシ,シロヤマ(2チョウメ),鹿児島県,鹿児島市,城山（２丁目）
8920853,カゴシマケン,カゴシマシ,シロヤマチョウ,鹿児島県,鹿児島市,城山町
8900072,カゴシマケン,カゴシマシ,シンエイチョウ,鹿児島県,鹿児島市,新栄町
8911403,カゴシマケン,カゴシマシ,シンジマチョウ,鹿児島県,鹿児島市,新島町
8900016,カゴシマケン,カゴシマシ,シンショウインチョウ,鹿児島県,鹿児島市,新照院町
8920832,カゴシマケン,カゴシマシ,シンマチ,鹿児島県,鹿児島市,新町
8920838,カゴシマケン,カゴシマシ,シンヤシキチョウ,鹿児島県,鹿児島市,新屋敷町
8920823,カゴシマケン,カゴシマシ,スミヨシチョウ,鹿児島県,鹿児島市,住吉町
8900032,カゴシマケン,カゴシマシ,セイリョウ,鹿児島県,鹿児島市,西陵
8910109,カゴシマケン,カゴシマシ,セイワ,鹿児島県,鹿児島市,清和
8920843,カゴシマケン,カゴシマシ,センニチチョウ,鹿児島県,鹿児島市,千日町
8900001,カゴシマケン,カゴシマシ,センネン,鹿児島県,鹿児島市,千年
8900014,カゴシマケン,カゴシマシ,ソウムタ,鹿児島県,鹿児島市,草牟田
8900015,カゴシマケン,カゴシマシ,ソウムタチョウ,鹿児島県,鹿児島市,草牟田町
8920825,カゴシマケン,カゴシマシ,ダイコクチョウ,鹿児島県,鹿児島市,大黒町
8920872,カゴシマケン,カゴシマシ,ダイミョウガオカ,鹿児島県,鹿児島市,大明丘
8920805,カゴシマケン,カゴシマシ,ダイリュウチョウ,鹿児島県,鹿児島市,大竜町
8900043,カゴシマケン,カゴシマシ,タカシ,鹿児島県,鹿児島市,鷹師
8900034,カゴシマケン,カゴシマシ,タガミ,鹿児島県,鹿児島市,田上
8900036,カゴシマケン,カゴシマシ,タガミダイ,鹿児島県,鹿児島市,田上台
8900035,カゴシマケン,カゴシマシ,タガミチョウ,鹿児島県,鹿児島市,田上町
8900045,カゴシマケン,カゴシマシ,タケ,鹿児島県,鹿児島市,武
8900031,カゴシマケン,カゴシマシ,タケオカ,鹿児島県,鹿児島市,武岡
8910131,カゴシマケン,カゴシマシ,タニヤマコウ,鹿児島県,鹿児島市,谷山港
8910141,カゴシマケン,カゴシマシ,タニヤマチュウオウ,鹿児島県,鹿児島市,谷山中央
8900011,カゴシマケン,カゴシマシ,タマザトダンチ(1チョウメ),鹿児島県,鹿児島市,玉里団地（１丁目）
8920811,カゴシマケン,カゴシマシ,タマザトダンチ(2、3チョウメ),鹿児島県,鹿児島市,玉里団地（２、３丁目）
8900012,カゴシマケン,カゴシマシ,タマザトチョウ,鹿児島県,鹿児島市,玉里町
8900076,カゴシマケン,カゴシマシ,チュウオウコウシンマチ,鹿児島県,鹿児島市,中央港新町
8900053,カゴシマケン,カゴシマシ,チュウオウチョウ,鹿児島県,鹿児島市,中央町
8910108,カゴシマケン,カゴシマシ,チュウザン,鹿児島県,鹿児島市,中山
8910105,カゴシマケン,カゴシマシ,チュウザンチョウ,鹿児島県,鹿児島市,中山町
8920807,カゴシマケン,カゴシマシ,ツヅミガワチョウ,鹿児島県,鹿児島市,皷川町
8920845,カゴシマケン,カゴシマシ,テノクチチョウ,鹿児島県,鹿児島市,樋之口町
8920841,カゴシマケン,カゴシマシ,テルクニチョウ,鹿児島県,鹿児島市,照国町
8900061,カゴシマケン,カゴシマシ,テンポザンチョウ,鹿児島県,鹿児島市,天保山町
8910115,カゴシマケン,カゴシマシ,トウカイチョウ,鹿児島県,鹿児島市,東開町
8900047,カゴシマケン,カゴシマシ,トキワ,鹿児島県,鹿児島市,常盤
8900044,カゴシマケン,カゴシマシ,トキワチョウ,鹿児島県,鹿児島市,常盤町
8900081,カゴシマケン,カゴシマシ,トソ,鹿児島県,鹿児島市,唐湊
8992705,カゴシマケン,カゴシマシ,ナオキチョウ,鹿児島県,鹿児島市,直木町
8920827,カゴシマケン,カゴシマシ,ナカマチ,鹿児島県,鹿児島市,中町
8920854,カゴシマケン,カゴシマシ,ナガタチョウ,鹿児島県,鹿児島市,長田町
8900023,カゴシマケン,カゴシマシ,ナガヨシ,鹿児島県,鹿児島市,永吉
8910132,カゴシマケン,カゴシマシ,ナナツジマ,鹿児島県,鹿児島市,七ツ島
8910122,カゴシマケン,カゴシマシ,ナンエイ,鹿児島県,鹿児島市,南栄
8920834,カゴシマケン,カゴシマシ,ナンリンジチョウ,鹿児島県,鹿児島市,南林寺町
8900002,カゴシマケン,カゴシマシ,ニシイシキ(1-4チョウメ),鹿児島県,鹿児島市,西伊敷（１〜４丁目）
8911202,カゴシマケン,カゴシマシ,ニシイシキ(5-7チョウメ),鹿児島県,鹿児島市,西伊敷（５〜７丁目）
8920863,カゴシマケン,カゴシマシ,ニシサカモトチョウ,鹿児島県,鹿児島市,西坂元町
8911301,カゴシマケン,カゴシマシ,ニシサタチョウ,鹿児島県,鹿児島市,西佐多町
8920847,カゴシマケン,カゴシマシ,ニシセンゴクチョウ,鹿児島県,鹿児島市,西千石町
8900046,カゴシマケン,カゴシマシ,ニシダ,鹿児島県,鹿児島市,西田
8910117,カゴシマケン,カゴシマシ,ニシタニヤマ,鹿児島県,鹿児島市,西谷山
8900033,カゴシマケン,カゴシマシ,ニシベップチョウ,鹿児島県,鹿児島市,西別府町
8911106,カゴシマケン,カゴシマシ,ニシマタチョウ,鹿児島県,鹿児島市,西俣町
8900083,カゴシマケン,カゴシマシ,ニシムラサキバルチョウ,鹿児島県,鹿児島市,西紫原町
8911541,カゴシマケン,カゴシマシ,ノジリチョウ,鹿児島県,鹿児島市,野尻町
8911101,カゴシマケン,カゴシマシ,ハナオマチ,鹿児島県,鹿児島市,花尾町
8920812,カゴシマケン,カゴシマシ,ハママチ,鹿児島県,鹿児島市,浜町
8900026,カゴシマケン,カゴシマシ,ハララ,鹿児島県,鹿児島市,原良
8900025,カゴシマケン,カゴシマシ,ハララチョウ,鹿児島県,鹿児島市,原良町
8992704,カゴシマケン,カゴシマシ,ハルヤマチョウ,鹿児島県,鹿児島市,春山町
8900068,カゴシマケン,カゴシマシ,ヒガシコオリモトチョウ,鹿児島県,鹿児島市,東郡元町
8920861,カゴシマケン,カゴシマシ,ヒガシサカモト,鹿児島県,鹿児島市,東坂元
8911543,カゴシマケン,カゴシマシ,ヒガシサクラジマチョウ,鹿児島県,鹿児島市,東桜島町
8911302,カゴシマケン,カゴシマシ,ヒガシサタチョウ,鹿児島県,鹿児島市,東佐多町
8920842,カゴシマケン,カゴシマシ,ヒガシセンゴクチョウ,鹿児島県,鹿児島市,東千石町
8910113,カゴシマケン,カゴシマシ,ヒガシタニヤマ,鹿児島県,鹿児島市,東谷山
8911102,カゴシマケン,カゴシマシ,ヒガシマタチョウ,鹿児島県,鹿児島市,東俣町
8910151,カゴシマケン,カゴシマシ,ヒカリヤマ,鹿児島県,鹿児島市,光山
8900086,カゴシマケン,カゴシマシ,ヒノデチョウ,鹿児島県,鹿児島市,日之出町
8920855,カゴシマケン,カゴシマシ,ヒヤミズチョウ,鹿児島県,鹿児島市,冷水町
8910133,カゴシマケン,カゴシマシ,ヒラカワチョウ,鹿児島県,鹿児島市,平川町
8992709,カゴシマケン,カゴシマシ,ヒラタチョウ,鹿児島県,鹿児島市,平田町
8920848,カゴシマケン,カゴシマシ,ヒラノチョウ,鹿児島県,鹿児島市,平之町
8900037,カゴシマケン,カゴシマシ,ヒロキ,鹿児島県,鹿児島市,広木
8992702,カゴシマケン,カゴシマシ,フクヤマチョウ,鹿児島県,鹿児島市,福山町
8920831,カゴシマケン,カゴシマシ,フナツチョウ,鹿児島県,鹿児島市,船津町
8911544,カゴシマケン,カゴシマシ,フルサトチョウ,鹿児島県,鹿児島市,古里町
8910102,カゴシマケン,カゴシマシ,ホシガミネ,鹿児島県,鹿児島市,星ケ峯
8920824,カゴシマケン,カゴシマシ,ホリエチョウ,鹿児島県,鹿児島市,堀江町
8920814,カゴシマケン,カゴシマシ,ホンコウシンマチ,鹿児島県,鹿児島市,本港新町
8911303,カゴシマケン,カゴシマシ,ホンジョウチョウ,鹿児島県,鹿児島市,本城町
8911304,カゴシマケン,カゴシマシ,ホンミョウチョウ,鹿児島県,鹿児島市,本名町
8900066,カゴシマケン,カゴシマシ,マサゴチョウ,鹿児島県,鹿児島市,真砂町
8900067,カゴシマケン,カゴシマシ,マサゴホンマチ,鹿児島県,鹿児島市,真砂本町
8920833,カゴシマケン,カゴシマシ,マツバラチョウ,鹿児島県,鹿児島市,松原町
8920874,カゴシマケン,カゴシマシ,ミドリガオカチョウ(1-34バン),鹿児島県,鹿児島市,緑ヶ丘町（１〜３４番）
8911274,カゴシマケン,カゴシマシ,ミドリガオカチョウ(35バンイコウ),鹿児島県,鹿児島市,緑ヶ丘町（３５番以降）
8900069,カゴシマケン,カゴシマシ,ミナミコオリモトチョウ,鹿児島県,鹿児島市,南郡元町
8900085,カゴシマケン,カゴシマシ,ミナミシンマチ,鹿児島県,鹿児島市,南新町
8911206,カゴシマケン,カゴシマシ,ミナヨシチョウ,鹿児島県,鹿児島市,皆与志町
8911305,カゴシマケン,カゴシマシ,ミヤノウラチョウ,鹿児島県,鹿児島市,宮之浦町
8900082,カゴシマケン,カゴシマシ,ムラサキバル,鹿児島県,鹿児島市,紫原
8911306,カゴシマケン,カゴシマシ,ムレガオカ,鹿児島県,鹿児島市,牟礼岡
8920821,カゴシマケン,カゴシマシ,メイザンチョウ,鹿児島県,鹿児島市,名山町
8900024,カゴシマケン,カゴシマシ,メイワ,鹿児島県,鹿児島市,明和
8911542,カゴシマケン,カゴシマシ,モチキチョウ,鹿児島県,鹿児島市,持木町
8900042,カゴシマケン,カゴシマシ,ヤクシ,鹿児島県,鹿児島市,薬師
8920815,カゴシマケン,カゴシマシ,ヤスイチョウ,鹿児島県,鹿児島市,易居町
8920819,カゴシマケン,カゴシマシ,ヤナギマチ,鹿児島県,鹿児島市,柳町
8920816,カゴシマケン,カゴシマシ,ヤマシタチョウ,鹿児島県,鹿児島市,山下町
8910104,カゴシマケン,カゴシマシ,ヤマダチョウ,鹿児島県,鹿児島市,山田町
8920844,カゴシマケン,カゴシマシ,ヤマノクチチョウ,鹿児島県,鹿児島市,山之口町
8911104,カゴシマケン,カゴシマシ,ユスキチョウ,鹿児島県,鹿児島市,油須木町
8920877,カゴシマケン,カゴシマシ,ヨシノ,鹿児島県,鹿児島市,吉野
8920871,カゴシマケン,カゴシマシ,ヨシノチョウ,鹿児島県,鹿児島市,吉野町
8900062,カゴシマケン,カゴシマシ,ヨジロウ,鹿児島県,鹿児島市,与次郎
8992708,カゴシマケン,カゴシマシ,ヨツモトチョウ,鹿児島県,鹿児島市,四元町
8900006,カゴシマケン,カゴシマシ,ワカバチョウ,鹿児島県,鹿児島市,若葉町
8910143,カゴシマケン,カゴシマシ,ワダ,鹿児島県,鹿児島市,和田
8930000,カゴシマケン,カノヤシ,イカニケイサイガナイバアイ,鹿児島県,鹿屋市,以下に掲載がない場合
8931101,カゴシマケン,カノヤシ,アイラチョウカミミョウ,鹿児島県,鹿屋市,吾平町上名
8931102,カゴシマケン,カノヤシ,アイラチョウシモミョウ,鹿児島県,鹿屋市,吾平町下名
8931103,カゴシマケン,カノヤシ,アイラチョウフモト,鹿児島県,鹿屋市,吾平町麓
8930022,カゴシマケン,カノヤシ,アサヒバルチョウ,鹿児島県,鹿屋市,旭原町
8930004,カゴシマケン,カノヤシ,アサヒマチ,鹿児島県,鹿屋市,朝日町
8912301,カゴシマケン,カノヤシ,アリタケチョウ,鹿児島県,鹿屋市,有武町
8930035,カゴシマケン,カノヤシ,イイクマチョウ,鹿児島県,鹿屋市,飯隈町
8930042,カゴシマケン,カノヤシ,イケゾノチョウ,鹿児島県,鹿屋市,池園町
8930057,カゴシマケン,カノヤシ,イマサカチョウ,鹿児島県,鹿屋市,今坂町
8930056,カゴシマケン,カノヤシ,ウエノチョウ,鹿児島県,鹿屋市,上野町
8930011,カゴシマケン,カノヤシ,ウツマ,鹿児島県,鹿屋市,打馬
8930012,カゴシマケン,カノヤシ,オウジチョウ,鹿児島県,鹿屋市,王子町
8930051,カゴシマケン,カノヤシ,オオアイラチョウ,鹿児島県,鹿屋市,大姶良町
8930067,カゴシマケン,カノヤシ,オオウラチョウ,鹿児島県,鹿屋市,大浦町
8930009,カゴシマケン,カノヤシ,オオテマチ,鹿児島県,鹿屋市,大手町
8912302,カゴシマケン,カノヤシ,オスキチョウ,鹿児島県,鹿屋市,小薄町
8912312,カゴシマケン,カノヤシ,オノバルチョウ,鹿児島県,鹿屋市,小野原町
8912303,カゴシマケン,カノヤシ,カイドウチョウ,鹿児島県,鹿屋市,海道町
8930023,カゴシマケン,カノヤシ,カサノハラチョウ,鹿児島県,鹿屋市,笠之原町
8930131,カゴシマケン,カノヤシ,カミタカクマチョウ,鹿児島県,鹿屋市,上高隈町
8930061,カゴシマケン,カノヤシ,カミダニチョウ,鹿児島県,鹿屋市,上谷町
8930027,カゴシマケン,カノヤシ,カミハライガワチョウ,鹿児島県,鹿屋市,上祓川町
8930032,カゴシマケン,カノヤシ,カワニシチョウ,鹿児島県,鹿屋市,川西町
8930031,カゴシマケン,カノヤシ,カワヒガシチョウ,鹿児島県,鹿屋市,川東町
8930007,カゴシマケン,カノヤシ,キタダチョウ,鹿児島県,鹿屋市,北田町
8998511,カゴシマケン,カノヤシ,キホクチョウイチナリ,鹿児島県,鹿屋市,輝北町市成
8930201,カゴシマケン,カノヤシ,キホクチョウカミモビキ,鹿児島県,鹿屋市,輝北町上百引
8930202,カゴシマケン,カノヤシ,キホクチョウシモモビキ,鹿児島県,鹿屋市,輝北町下百引
8998512,カゴシマケン,カノヤシ,キホクチョウスワバラ,鹿児島県,鹿屋市,輝北町諏訪原
8930203,カゴシマケン,カノヤシ,キホクチョウヒラボウ,鹿児島県,鹿屋市,輝北町平房
8930005,カゴシマケン,カノヤシ,キョウエイチョウ,鹿児島県,鹿屋市,共栄町
8931602,カゴシマケン,カノヤシ,クシラチョウアリサト,鹿児島県,鹿屋市,串良町有里
8931603,カゴシマケン,カノヤシ,クシラチョウオカサキ,鹿児島県,鹿屋市,串良町岡崎
8931605,カゴシマケン,カノヤシ,クシラチョウカミオバル,鹿児島県,鹿屋市,串良町上小原
8931604,カゴシマケン,カノヤシ,クシラチョウシモオバル,鹿児島県,鹿屋市,串良町下小原
8931601,カゴシマケン,カノヤシ,クシラチョウホソヤマダ,鹿児島県,鹿屋市,串良町細山田
8930065,カゴシマケン,カノヤシ,ゴウノハラチョウ,鹿児島県,鹿屋市,郷之原町
8930001,カゴシマケン,カノヤシ,コセンジョウチョウ,鹿児島県,鹿屋市,古前城町
8930014,カゴシマケン,カノヤシ,コトブキ,鹿児島県,鹿屋市,寿
8930044,カゴシマケン,カノヤシ,シシメチョウ,鹿児島県,鹿屋市,獅子目町
8930132,カゴシマケン,カノヤシ,シモタカクマチョウ,鹿児島県,鹿屋市,下高隈町
8930024,カゴシマケン,カノヤシ,シモハライガワチョウ,鹿児島県,鹿屋市,下祓川町
8930047,カゴシマケン,カノヤシ,シモホリチョウ,鹿児島県,鹿屋市,下堀町
8930016,カゴシマケン,カノヤシ,シラサキチョウ,鹿児島県,鹿屋市,白崎町
8912311,カゴシマケン,カノヤシ,シロミズチョウ,鹿児島県,鹿屋市,白水町
8930063,カゴシマケン,カノヤシ,シンエイチョウ,鹿児島県,鹿屋市,新栄町
8930015,カゴシマケン,カノヤシ,シンカワチョウ,鹿児島県,鹿屋市,新川町
8930062,カゴシマケン,カノヤシ,シンセイチョウ,鹿児島県,鹿屋市,新生町
8930003,カゴシマケン,カノヤシ,ソダチョウ,鹿児島県,鹿屋市,曽田町
8930054,カゴシマケン,カノヤシ,タカスチョウ,鹿児島県,鹿屋市,高須町
8930066,カゴシマケン,カノヤシ,タカマキチョウ,鹿児島県,鹿屋市,高牧町
8930037,カゴシマケン,カノヤシ,タサキチョウ,鹿児島県,鹿屋市,田崎町
8930045,カゴシマケン,カノヤシ,タブチチョウ,鹿児島県,鹿屋市,田淵町
8912313,カゴシマケン,カノヤシ,テンジンチョウ,鹿児島県,鹿屋市,天神町
8930052,カゴシマケン,カノヤシ,ナガオバルチョウ,鹿児島県,鹿屋市,永小原町
8930033,カゴシマケン,カノヤシ,ナガノダチョウ,鹿児島県,鹿屋市,永野田町
8930034,カゴシマケン,カノヤシ,ナヌキチョウ,鹿児島県,鹿屋市,名貫町
8930008,カゴシマケン,カノヤシ,ニシオオテマチ,鹿児島県,鹿屋市,西大手町
8930064,カゴシマケン,カノヤシ,ニシハラ,鹿児島県,鹿屋市,西原
8930025,カゴシマケン,カノヤシ,ニシハライガワチョウ,鹿児島県,鹿屋市,西祓川町
8912305,カゴシマケン,カノヤシ,ネギバルチョウ,鹿児島県,鹿屋市,根木原町
8930055,カゴシマケン,カノヤシ,ノザトチョウ,鹿児島県,鹿屋市,野里町
8930036,カゴシマケン,カノヤシ,ハギツカチョウ,鹿児島県,鹿屋市,萩塚町
8912304,カゴシマケン,カノヤシ,ハナオカチョウ,鹿児島県,鹿屋市,花岡町
8912306,カゴシマケン,カノヤシ,ハナザトチョウ,鹿児島県,鹿屋市,花里町
8930053,カゴシマケン,カノヤシ,ハマダチョウ,鹿児島県,鹿屋市,浜田町
8930026,カゴシマケン,カノヤシ,ハライガワチョウ,鹿児島県,鹿屋市,祓川町
8930021,カゴシマケン,カノヤシ,ヒガシバルチョウ,鹿児島県,鹿屋市,東原町
8930013,カゴシマケン,カノヤシ,フダモト,鹿児島県,鹿屋市,札元
8912314,カゴシマケン,カノヤシ,フナマチョウ,鹿児島県,鹿屋市,船間町
8912321,カゴシマケン,カノヤシ,フルエチョウ,鹿児島県,鹿屋市,古江町
8912322,カゴシマケン,カノヤシ,フルサトチョウ,鹿児島県,鹿屋市,古里町
8930041,カゴシマケン,カノヤシ,ホシヅカチョウ,鹿児島県,鹿屋市,星塚町
8930002,カゴシマケン,カノヤシ,ホンマチ,鹿児島県,鹿屋市,本町
8930043,カゴシマケン,カノヤシ,ミナミチョウ,鹿児島県,鹿屋市,南町
8930006,カゴシマケン,カノヤシ,ムカエチョウ,鹿児島県,鹿屋市,向江町
8930046,カゴシマケン,カノヤシ,ヨコヤマチョウ,鹿児島県,鹿屋市,横山町
8980000,カゴシマケン,マクラザキシ,イカニケイサイガナイバアイ,鹿児島県,枕崎市,以下に掲載がない場合
8980080,カゴシマケン,マクラザキシ,アケボノチョウ,鹿児島県,枕崎市,あけぼの町
8980008,カゴシマケン,マクラザキシ,アサヒマチ,鹿児島県,枕崎市,旭町
8980006,カゴシマケン,マクラザキシ,イズミマチ,鹿児島県,枕崎市,泉町
8980084,カゴシマケン,マクラザキシ,イタシキニシマチ,鹿児島県,枕崎市,板敷西町
8980082,カゴシマケン,マクラザキシ,イタシキホンマチ,鹿児島県,枕崎市,板敷本町
8980083,カゴシマケン,マクラザキシ,イタシキミナミマチ,鹿児島県,枕崎市,板敷南町
8980052,カゴシマケン,マクラザキシ,イワサキチョウ,鹿児島県,枕崎市,岩崎町
8980058,カゴシマケン,マクラザキシ,イワドチョウ,鹿児島県,枕崎市,岩戸町
8980009,カゴシマケン,マクラザキシ,エビスチョウ,鹿児島県,枕崎市,恵比須町
8980026,カゴシマケン,マクラザキシ,オオツカキタマチ,鹿児島県,枕崎市,大塚北町
8980028,カゴシマケン,マクラザキシ,オオツカナカマチ,鹿児島県,枕崎市,大塚中町
8980027,カゴシマケン,マクラザキシ,オオツカニシマチ,鹿児島県,枕崎市,大塚西町
8980029,カゴシマケン,マクラザキシ,オオツカミナミマチ,鹿児島県,枕崎市,大塚南町
8980003,カゴシマケン,マクラザキシ,オリグチチョウ,鹿児島県,枕崎市,折口町
8980054,カゴシマケン,マクラザキシ,カゴフモトマチ,鹿児島県,枕崎市,鹿篭麓町
8980044,カゴシマケン,マクラザキシ,カスガチョウ,鹿児島県,枕崎市,春日町
8980098,カゴシマケン,マクラザキシ,カヤノチョウ,鹿児島県,枕崎市,茅野町
8980057,カゴシマケン,マクラザキシ,キハラチョウ,鹿児島県,枕崎市,木原町
8980066,カゴシマケン,マクラザキシ,キヨミズマチ,鹿児島県,枕崎市,清水町
8980076,カゴシマケン,マクラザキシ,キンザンチョウ,鹿児島県,枕崎市,金山町
8980074,カゴシマケン,マクラザキシ,キンザンニシマチ,鹿児島県,枕崎市,金山西町
8980088,カゴシマケン,マクラザキシ,クニミチョウ,鹿児島県,枕崎市,国見町
8980099,カゴシマケン,マクラザキシ,コツカチョウ,鹿児島県,枕崎市,小塚町
8980062,カゴシマケン,マクラザキシ,コトブキチョウ,鹿児島県,枕崎市,寿町
8980053,カゴシマケン,マクラザキシ,コバチョウ,鹿児島県,枕崎市,木場町
8980094,カゴシマケン,マクラザキシ,コマミズチョウ,鹿児島県,枕崎市,駒水町
8980038,カゴシマケン,マクラザキシ,サカエナカマチ,鹿児島県,枕崎市,栄中町
8980037,カゴシマケン,マクラザキシ,サカエホンマチ,鹿児島県,枕崎市,栄本町
8980018,カゴシマケン,マクラザキシ,サクラギチョウ,鹿児島県,枕崎市,桜木町
8980073,カゴシマケン,マクラザキシ,サクラヤマカミマチ,鹿児島県,枕崎市,桜山上町
8980061,カゴシマケン,マクラザキシ,サクラヤマチョウ,鹿児島県,枕崎市,桜山町
8980055,カゴシマケン,マクラザキシ,サクラヤマニシマチ,鹿児島県,枕崎市,桜山西町
8980065,カゴシマケン,マクラザキシ,サクラヤマヒガシマチ,鹿児島県,枕崎市,桜山東町
8980064,カゴシマケン,マクラザキシ,サクラヤマホンマチ,鹿児島県,枕崎市,桜山本町
8980097,カゴシマケン,マクラザキシ,サトマチ,鹿児島県,枕崎市,里町
8980002,カゴシマケン,マクラザキシ,シオミチョウ,鹿児島県,枕崎市,汐見町
8980041,カゴシマケン,マクラザキシ,シオヤキタマチ,鹿児島県,枕崎市,塩屋北町
8980042,カゴシマケン,マクラザキシ,シオヤミナミマチ,鹿児島県,枕崎市,塩屋南町
8980095,カゴシマケン,マクラザキシ,シモマツチョウ,鹿児島県,枕崎市,下松町
8980089,カゴシマケン,マクラザキシ,シラサワキタマチ,鹿児島県,枕崎市,白沢北町
8980092,カゴシマケン,マクラザキシ,シラサワニシマチ,鹿児島県,枕崎市,白沢西町
8980091,カゴシマケン,マクラザキシ,シラサワヒガシマチ,鹿児島県,枕崎市,白沢東町
8980007,カゴシマケン,マクラザキシ,シンマチ,鹿児島県,枕崎市,新町
8980017,カゴシマケン,マクラザキシ,スミヨシチョウ,鹿児島県,枕崎市,住吉町
8980087,カゴシマケン,マクラザキシ,セトチョウ,鹿児島県,枕崎市,瀬戸町
8980047,カゴシマケン,マクラザキシ,ソノミニシマチ,鹿児島県,枕崎市,園見西町
8980046,カゴシマケン,マクラザキシ,ソノミホンマチ,鹿児島県,枕崎市,園見本町
8980016,カゴシマケン,マクラザキシ,タカミチョウ,鹿児島県,枕崎市,高見町
8980045,カゴシマケン,マクラザキシ,タテガミキタマチ,鹿児島県,枕崎市,立神北町
8980025,カゴシマケン,マクラザキシ,タテガミホンマチ,鹿児島県,枕崎市,立神本町
8980075,カゴシマケン,マクラザキシ,タブガワチョウ,鹿児島県,枕崎市,田布川町
8980051,カゴシマケン,マクラザキシ,チュウオウチョウ,鹿児島県,枕崎市,中央町
8980012,カゴシマケン,マクラザキシ,チヨダチョウ,鹿児島県,枕崎市,千代田町
8980081,カゴシマケン,マクラザキシ,トヨトメマチ,鹿児島県,枕崎市,豊留町
8980005,カゴシマケン,マクラザキシ,ナカマチ,鹿児島県,枕崎市,中町
8980024,カゴシマケン,マクラザキシ,ニシカゴ,鹿児島県,枕崎市,西鹿篭
8980015,カゴシマケン,マクラザキシ,ニシホンマチ,鹿児島県,枕崎市,西本町
8980093,カゴシマケン,マクラザキシ,ニタウラチョウ,鹿児島県,枕崎市,仁田浦町
8980021,カゴシマケン,マクラザキシ,ヒガシカゴ,鹿児島県,枕崎市,東鹿篭
8980014,カゴシマケン,マクラザキシ,ヒガシホンマチ,鹿児島県,枕崎市,東本町
8980043,カゴシマケン,マクラザキシ,ヒノカミキタマチ,鹿児島県,枕崎市,火之神北町
8980048,カゴシマケン,マクラザキシ,ヒノカミチョウ,鹿児島県,枕崎市,火之神町
8980049,カゴシマケン,マクラザキシ,ヒノカミミサキチョウ,鹿児島県,枕崎市,火之神岬町
8980034,カゴシマケン,マクラザキシ,ヒノデチョウ,鹿児島県,枕崎市,日之出町
8980035,カゴシマケン,マクラザキシ,ヒラタマチ,鹿児島県,枕崎市,平田町
8980032,カゴシマケン,マクラザキシ,ベップ,鹿児島県,枕崎市,別府
8980086,カゴシマケン,マクラザキシ,ベップニシマチ,鹿児島県,枕崎市,別府西町
8980085,カゴシマケン,マクラザキシ,ベップヒガシマチ,鹿児島県,枕崎市,別府東町
8980096,カゴシマケン,マクラザキシ,マカヤマチ,鹿児島県,枕崎市,まかや町
8980031,カゴシマケン,マクラザキシ,マクラザキ,鹿児島県,枕崎市,枕崎
8980001,カゴシマケン,マクラザキシ,マツノオチョウ,鹿児島県,枕崎市,松之尾町
8980072,カゴシマケン,マクラザキシ,ミチノチョウ,鹿児島県,枕崎市,道野町
8980011,カゴシマケン,マクラザキシ,ミドリマチ,鹿児島県,枕崎市,緑町
8980004,カゴシマケン,マクラザキシ,ミナトマチ,鹿児島県,枕崎市,港町
8980056,カゴシマケン,マクラザキシ,ミハラマチ,鹿児島県,枕崎市,美原町
8980022,カゴシマケン,マクラザキシ,ミヤタチョウ,鹿児島県,枕崎市,宮田町
8980033,カゴシマケン,マクラザキシ,ミヤマエチョウ,鹿児島県,枕崎市,宮前町
8980071,カゴシマケン,マクラザキシ,ミヤマチョウ,鹿児島県,枕崎市,美山町
8980063,カゴシマケン,マクラザキシ,ミョウケンマチ,鹿児島県,枕崎市,妙見町
8980036,カゴシマケン,マクラザキシ,メイワチョウ,鹿児島県,枕崎市,明和町
8980013,カゴシマケン,マクラザキシ,ヤマテチョウ,鹿児島県,枕崎市,山手町
8980023,カゴシマケン,マクラザキシ,ワカバチョウ,鹿児島県,枕崎市,若葉町
8991600,カゴシマケン,アクネシ,イカニケイサイガナイバアイ,鹿児島県,阿久根市,以下に掲載がない場合
8991611,カゴシマケン,アクネシ,アカセガワ,鹿児島県,阿久根市,赤瀬川
8991741,カゴシマケン,アクネシ,オオカワ,鹿児島県,阿久根市,大川
8991624,カゴシマケン,アクネシ,オオマルチョウ,鹿児島県,阿久根市,大丸町
8991601,カゴシマケン,アクネシ,オリグチ,鹿児島県,阿久根市,折口
8991615,カゴシマケン,アクネシ,コトヒラチョウ,鹿児島県,阿久根市,琴平町
8991616,カゴシマケン,アクネシ,サカエマチ,鹿児島県,阿久根市,栄町
8991628,カゴシマケン,アクネシ,シオツルチョウ,鹿児島県,阿久根市,塩鶴町
8991629,カゴシマケン,アクネシ,シオハマチョウ,鹿児島県,阿久根市,塩浜町
8991613,カゴシマケン,アクネシ,シンマチ,鹿児島県,阿久根市,新町
8991622,カゴシマケン,アクネシ,タカマツチョウ,鹿児島県,阿久根市,高松町
8991602,カゴシマケン,アクネシ,タダ,鹿児島県,阿久根市,多田
8991603,カゴシマケン,アクネシ,ツルガワウチ,鹿児島県,阿久根市,鶴川内
8991626,カゴシマケン,アクネシ,ツルミチョウ,鹿児島県,阿久根市,鶴見町
8991627,カゴシマケン,アクネシ,ニシメ,鹿児島県,阿久根市,西目
8991617,カゴシマケン,アクネシ,ハママチ,鹿児島県,阿久根市,浜町
8991625,カゴシマケン,アクネシ,ハル,鹿児島県,阿久根市,波留
8991614,カゴシマケン,アクネシ,ハルミチョウ,鹿児島県,阿久根市,晴海町
8991621,カゴシマケン,アクネシ,ホンマチ,鹿児島県,阿久根市,本町
8991612,カゴシマケン,アクネシ,マルオチョウ,鹿児島県,阿久根市,丸尾町
8991623,カゴシマケン,アクネシ,ミナトマチ,鹿児島県,阿久根市,港町
8991604,カゴシマケン,アクネシ,ヤマシタ,鹿児島県,阿久根市,山下
8991131,カゴシマケン,アクネシ,ワキモト,鹿児島県,阿久根市,脇本
8990200,カゴシマケン,イズミシ,イカニケイサイガナイバアイ,鹿児島県,出水市,以下に掲載がない場合
8990137,カゴシマケン,イズミシ,イマガマチョウ,鹿児島県,出水市,今釜町
8990134,カゴシマケン,イズミシ,ウラタチョウ,鹿児島県,出水市,浦田町
8990216,カゴシマケン,イズミシ,オオノハラチョウ,鹿児島県,出水市,大野原町
8990341,カゴシマケン,イズミシ,カミオオカワウチ,鹿児島県,出水市,上大川内
8990203,カゴシマケン,イズミシ,カミサバブチ,鹿児島県,出水市,上鯖渕
8990212,カゴシマケン,イズミシ,カミチシキチョウ,鹿児島県,出水市,上知識町
8990125,カゴシマケン,イズミシ,コガネマチ,鹿児島県,出水市,黄金町
8990214,カゴシマケン,イズミシ,ゴマンゴクチョウ,鹿児島県,出水市,五万石町
8990121,カゴシマケン,イズミシ,コメノツマチ,鹿児島県,出水市,米ノ津町
8990122,カゴシマケン,イズミシ,サカイチョウ,鹿児島県,出水市,境町
8990136,カゴシマケン,イズミシ,シオミチョウ,鹿児島県,出水市,汐見町
8990342,カゴシマケン,イズミシ,シモオオカワウチ,鹿児島県,出水市,下大川内
8990123,カゴシマケン,イズミシ,シモサバチョウ,鹿児島県,出水市,下鯖町
8990132,カゴシマケン,イズミシ,シモチシキチョウ,鹿児島県,出水市,下知識町
8990435,カゴシマケン,イズミシ,ショウ,鹿児島県,出水市,荘
8990202,カゴシマケン,イズミシ,ショウワマチ,鹿児島県,出水市,昭和町
8990138,カゴシマケン,イズミシ,スミヨシチョウ,鹿児島県,出水市,住吉町
8990407,カゴシマケン,イズミシ,タカオノマチエウチ,鹿児島県,出水市,高尾野町江内
8990401,カゴシマケン,イズミシ,タカオノマチオオクボ,鹿児島県,出水市,高尾野町大久保
8990406,カゴシマケン,イズミシ,タカオノマチカミズル,鹿児島県,出水市,高尾野町上水流
8990403,カゴシマケン,イズミシ,タカオノマチカラガサキ,鹿児島県,出水市,高尾野町唐笠木
8990402,カゴシマケン,イズミシ,タカオノマチシバヒキ,鹿児島県,出水市,高尾野町柴引
8990405,カゴシマケン,イズミシ,タカオノマチシモズル,鹿児島県,出水市,高尾野町下水流
8990404,カゴシマケン,イズミシ,タカオノマチシモタカオノ,鹿児島県,出水市,高尾野町下高尾野
8990215,カゴシマケン,イズミシ,タケモト,鹿児島県,出水市,武本
8990211,カゴシマケン,イズミシ,チシキチョウ,鹿児島県,出水市,知識町
8990207,カゴシマケン,イズミシ,チュウオウチョウ,鹿児島県,出水市,中央町
8990213,カゴシマケン,イズミシ,ニシイズミチョウ,鹿児島県,出水市,西出水町
8990501,カゴシマケン,イズミシ,ノダチョウカミミョウ,鹿児島県,出水市,野田町上名
8990502,カゴシマケン,イズミシ,ノダチョウシモミョウ,鹿児島県,出水市,野田町下名
8990133,カゴシマケン,イズミシ,フクノエチョウ,鹿児島県,出水市,福ノ江町
8990204,カゴシマケン,イズミシ,フモトチョウ,鹿児島県,出水市,麓町
8990208,カゴシマケン,イズミシ,ブンカチョウ,鹿児島県,出水市,文化町
8990217,カゴシマケン,イズミシ,ヘイワチョウ,鹿児島県,出水市,平和町
8990205,カゴシマケン,イズミシ,ホンマチ,鹿児島県,出水市,本町
8990201,カゴシマケン,イズミシ,ミドリマチ,鹿児島県,出水市,緑町
8990124,カゴシマケン,イズミシ,ミハラチョウ,鹿児島県,出水市,美原町
8990131,カゴシマケン,イズミシ,ミョウジンチョウ,鹿児島県,出水市,明神町
8990206,カゴシマケン,イズミシ,ムカエマチ,鹿児島県,出水市,向江町
8990126,カゴシマケン,イズミシ,ロクガツダマチ,鹿児島県,出水市,六月田町
8910400,カゴシマケン,イブスキシ,イカニケイサイガナイバアイ,鹿児島県,指宿市,以下に掲載がない場合
8910312,カゴシマケン,イブスキシ,イケダ,鹿児島県,指宿市,池田
8910315,カゴシマケン,イブスキシ,イワモト,鹿児島県,指宿市,岩本
8910401,カゴシマケン,イブスキシ,オオムレ,鹿児島県,指宿市,大牟礼
8910601,カゴシマケン,イブスキシ,カイモンウエノ,鹿児島県,指宿市,開聞上野
8910602,カゴシマケン,イブスキシ,カイモンカワシリ,鹿児島県,指宿市,開聞川尻
8910603,カゴシマケン,イブスキシ,カイモンジュッチョウ,鹿児島県,指宿市,開聞十町
8910604,カゴシマケン,イブスキシ,カイモンセンタ,鹿児島県,指宿市,開聞仙田
8910314,カゴシマケン,イブスキシ,コマキ,鹿児島県,指宿市,小牧
8910403,カゴシマケン,イブスキシ,ジュウニチョウ,鹿児島県,指宿市,十二町
8910402,カゴシマケン,イブスキシ,ジュッチョウ,鹿児島県,指宿市,十町
8910313,カゴシマケン,イブスキシ,シンニシカタ,鹿児島県,指宿市,新西方
8910311,カゴシマケン,イブスキシ,ニシカタ,鹿児島県,指宿市,西方
8910304,カゴシマケン,イブスキシ,ヒガシカタ(600-5974、5976-7816、7833、7834、,鹿児島県,指宿市,東方（６００〜５９７４、５９７６〜７８１６、７８３３、７８３４、
8910304,カゴシマケン,イブスキシ,10603-11015),鹿児島県,指宿市,１０６０３〜１１０１５）
8910404,カゴシマケン,イブスキシ,ヒガシカタ(ソノタ),鹿児島県,指宿市,東方（その他）
8910405,カゴシマケン,イブスキシ,ミナト,鹿児島県,指宿市,湊
8910502,カゴシマケン,イブスキシ,ヤマガワアサヒチョウ,鹿児島県,指宿市,山川朝日町
8910507,カゴシマケン,イブスキシ,ヤマガワイリフネチョウ,鹿児島県,指宿市,山川入船町
8910614,カゴシマケン,イブスキシ,ヤマガワオオヤマ(1400-1717バン),鹿児島県,指宿市,山川大山（１４００〜１７１７番）
8910514,カゴシマケン,イブスキシ,ヤマガワオオヤマ(ソノタ),鹿児島県,指宿市,山川大山（その他）
8910513,カゴシマケン,イブスキシ,ヤマガワオカチヨガミズ,鹿児島県,指宿市,山川岡児ケ水
8910515,カゴシマケン,イブスキシ,ヤマガワオガワ,鹿児島県,指宿市,山川小川
8910506,カゴシマケン,イブスキシ,ヤマガワキンセイチョウ,鹿児島県,指宿市,山川金生町
8910503,カゴシマケン,イブスキシ,ヤマガワシオミチョウ,鹿児島県,指宿市,山川潮見町
8910501,カゴシマケン,イブスキシ,ヤマガワシンエイチョウ,鹿児島県,指宿市,山川新栄町
8910504,カゴシマケン,イブスキシ,ヤマガワシンセイチョウ,鹿児島県,指宿市,山川新生町
8910621,カゴシマケン,イブスキシ,ヤマガワトシナガ,鹿児島県,指宿市,山川利永
8910516,カゴシマケン,イブスキシ,ヤマガワナリカワ,鹿児島県,指宿市,山川成川
8910512,カゴシマケン,イブスキシ,ヤマガワハマチヨガミズ,鹿児島県,指宿市,山川浜児ケ水
8910511,カゴシマケン,イブスキシ,ヤマガワフクモト,鹿児島県,指宿市,山川福元
8910505,カゴシマケン,イブスキシ,ヤマガワヤマシタチョウ,鹿児島県,指宿市,山川山下町
8910406,カゴシマケン,イブスキシ,ユノハマ,鹿児島県,指宿市,湯の浜
8913100,カゴシマケン,ニシノオモテシ,イカニケイサイガナイバアイ,鹿児島県,西之表市,以下に掲載がない場合
8913432,カゴシマケン,ニシノオモテシ,アンジョウ,鹿児島県,西之表市,安城
8913102,カゴシマケン,ニシノオモテシ,アンノウ(1-3048、4901-4930バンチ),鹿児島県,西之表市,安納（１〜３０４８、４９０１〜４９３０番地）
8913202,カゴシマケン,ニシノオモテシ,アンノウ(ソノタ),鹿児島県,西之表市,安納（その他）
8913114,カゴシマケン,ニシノオモテシ,イケダ,鹿児島県,西之表市,池田
8913221,カゴシマケン,ニシノオモテシ,イセキ,鹿児島県,西之表市,伊関
8913116,カゴシマケン,ニシノオモテシ,カモメチョウ,鹿児島県,西之表市,鴨女町
8913222,カゴシマケン,ニシノオモテシ,クニガミ,鹿児島県,西之表市,国上
8913103,カゴシマケン,ニシノオモテシ,ゲンナ,鹿児島県,西之表市,現和
8913112,カゴシマケン,ニシノオモテシ,サカエマチ,鹿児島県,西之表市,栄町
8913117,カゴシマケン,ニシノオモテシ,サクラガオカ,鹿児島県,西之表市,桜が丘
8913104,カゴシマケン,ニシノオモテシ,スミヨシ,鹿児島県,西之表市,住吉
8913115,カゴシマケン,ニシノオモテシ,テンジンチョウ,鹿児島県,西之表市,天神町
8913101,カゴシマケン,ニシノオモテシ,ニシノオモテ,鹿児島県,西之表市,西之表
8913111,カゴシマケン,ニシノオモテシ,ニシマチ,鹿児島県,西之表市,西町
8913113,カゴシマケン,ニシノオモテシ,ヒガシマチ,鹿児島県,西之表市,東町
8913431,カゴシマケン,ニシノオモテシ,フルタ,鹿児島県,西之表市,古田
8913118,カゴシマケン,ニシノオモテシ,マゲシマ,鹿児島県,西之表市,馬毛島
8912100,カゴシマケン,タルミズシ,イカニケイサイガナイバアイ,鹿児島県,垂水市,以下に掲載がない場合
8912125,カゴシマケン,タルミズシ,アサヒマチ,鹿児島県,垂水市,旭町
8912103,カゴシマケン,タルミズシ,イチキ,鹿児島県,垂水市,市木
8994631,カゴシマケン,タルミズシ,ウシネサカイ,鹿児島県,垂水市,牛根境
8994632,カゴシマケン,タルミズシ,ウシネフモト,鹿児島県,垂水市,牛根麓
8912101,カゴシマケン,タルミズシ,カイガタ,鹿児島県,垂水市,海潟
8912122,カゴシマケン,タルミズシ,カンマチ,鹿児島県,垂水市,上町
8912124,カゴシマケン,タルミズシ,キンコウチョウ,鹿児島県,垂水市,錦江町
8912116,カゴシマケン,タルミズシ,クヌギバル,鹿児島県,垂水市,柊原
8912121,カゴシマケン,タルミズシ,サカエマチ,鹿児島県,垂水市,栄町
8912117,カゴシマケン,タルミズシ,シオサイチョウ,鹿児島県,垂水市,潮彩町
8912127,カゴシマケン,タルミズシ,シモミヤチョウ,鹿児島県,垂水市,下宮町
8912114,カゴシマケン,タルミズシ,シンジョウ,鹿児島県,垂水市,新城
8912111,カゴシマケン,タルミズシ,シンミドウ,鹿児島県,垂水市,新御堂
8912113,カゴシマケン,タルミズシ,タカジョウ,鹿児島県,垂水市,高城
8912104,カゴシマケン,タルミズシ,タガミ,鹿児島県,垂水市,田神
8912106,カゴシマケン,タルミズシ,チュウオウチョウ,鹿児島県,垂水市,中央町
8912102,カゴシマケン,タルミズシ,ナカマタ,鹿児島県,垂水市,中俣
8912115,カゴシマケン,タルミズシ,ハマビラ,鹿児島県,垂水市,浜平
8994633,カゴシマケン,タルミズシ,フタガワ,鹿児島県,垂水市,二川
8912112,カゴシマケン,タルミズシ,ホンジョウ,鹿児島県,垂水市,本城
8912123,カゴシマケン,タルミズシ,ホンマチ,鹿児島県,垂水市,本町
8912105,カゴシマケン,タルミズシ,マツバラチョウ,鹿児島県,垂水市,松原町
8912126,カゴシマケン,タルミズシ,ミナミマツバラチョウ,鹿児島県,垂水市,南松原町
8950000,カゴシマケン,サツマセンダイシ,イカニケイサイガナイバアイ,鹿児島県,薩摩川内市,以下に掲載がない場合
8950044,カゴシマケン,サツマセンダイシ,アオヤマチョウ,鹿児島県,薩摩川内市,青山町
8950011,カゴシマケン,サツマセンダイシ,アマタツチョウ,鹿児島県,薩摩川内市,天辰町
8951402,カゴシマケン,サツマセンダイシ,イリキチョウウラノミョウ,鹿児島県,薩摩川内市,入来町浦之名
8951401,カゴシマケン,サツマセンダイシ,イリキチョウソエダ,鹿児島県,薩摩川内市,入来町副田
8950214,カゴシマケン,サツマセンダイシ,ウンドウコウエンチョウ(3030バンチ),鹿児島県,薩摩川内市,運動公園町（３０３０番地）
8950077,カゴシマケン,サツマセンダイシ,ウンドウコウエンチョウ(ソノタ),鹿児島県,薩摩川内市,運動公園町（その他）
8991925,カゴシマケン,サツマセンダイシ,オウヅチョウ,鹿児島県,薩摩川内市,網津町
8950076,カゴシマケン,サツマセンダイシ,オオショウジチョウ,鹿児島県,薩摩川内市,大小路町
8950035,カゴシマケン,サツマセンダイシ,オジロエチョウ,鹿児島県,薩摩川内市,尾白江町
8961301,カゴシマケン,サツマセンダイシ,カシマチョウイムタ,鹿児島県,薩摩川内市,鹿島町藺牟田
8950031,カゴシマケン,サツマセンダイシ,カチメチョウ,鹿児島県,薩摩川内市,勝目町
8961203,カゴシマケン,サツマセンダイシ,カミコシキチョウエイシ,鹿児島県,薩摩川内市,上甑町江石
8961204,カゴシマケン,サツマセンダイシ,カミコシキチョウオシマ,鹿児島県,薩摩川内市,上甑町小島
8961206,カゴシマケン,サツマセンダイシ,カミコシキチョウクワノウラ,鹿児島県,薩摩川内市,上甑町桑之浦
8961205,カゴシマケン,サツマセンダイシ,カミコシキチョウセガミ,鹿児島県,薩摩川内市,上甑町瀬上
8961281,カゴシマケン,サツマセンダイシ,カミコシキチョウタイラ,鹿児島県,薩摩川内市,上甑町平良
8961201,カゴシマケン,サツマセンダイシ,カミコシキチョウナカコシキ,鹿児島県,薩摩川内市,上甑町中甑
8961202,カゴシマケン,サツマセンダイシ,カミコシキチョウナカノ,鹿児島県,薩摩川内市,上甑町中野
8950067,カゴシマケン,サツマセンダイシ,カミセンダイチョウ,鹿児島県,薩摩川内市,上川内町
8950033,カゴシマケン,サツマセンダイシ,カワナガノチョウ,鹿児島県,薩摩川内市,川永野町
8950052,カゴシマケン,サツマセンダイシ,カンダチョウ,鹿児島県,薩摩川内市,神田町
8950004,カゴシマケン,サツマセンダイシ,クジュウチョウ,鹿児島県,薩摩川内市,久住町
8950002,カゴシマケン,サツマセンダイシ,クスモトチョウ,鹿児島県,薩摩川内市,楠元町
8950041,カゴシマケン,サツマセンダイシ,クマノジョウチョウ,鹿児島県,薩摩川内市,隈之城町
8950132,カゴシマケン,サツマセンダイシ,グミサキチョウ,鹿児島県,薩摩川内市,久見崎町
8951502,カゴシマケン,サツマセンダイシ,ケドウインチョウイムタ,鹿児島県,薩摩川内市,祁答院町藺牟田
8951503,カゴシマケン,サツマセンダイシ,ケドウインチョウカミデ,鹿児島県,薩摩川内市,祁答院町上手
8951504,カゴシマケン,サツマセンダイシ,ケドウインチョウクロキ,鹿児島県,薩摩川内市,祁答院町黒木
8951501,カゴシマケン,サツマセンダイシ,ケドウインチョウシモデ,鹿児島県,薩摩川内市,祁答院町下手
8950073,カゴシマケン,サツマセンダイシ,コクブンジチョウ,鹿児島県,薩摩川内市,国分寺町
8991922,カゴシマケン,サツマセンダイシ,コクラチョウ,鹿児島県,薩摩川内市,小倉町
8950066,カゴシマケン,サツマセンダイシ,ゴダイチョウ,鹿児島県,薩摩川内市,五代町
8950034,カゴシマケン,サツマセンダイシ,コバンチャヤチョウ,鹿児島県,薩摩川内市,木場茶屋町
8950061,カゴシマケン,サツマセンダイシ,ゴリョウシタチョウ,鹿児島県,薩摩川内市,御陵下町
8991926,カゴシマケン,サツマセンダイシ,サーキュラーパーク,鹿児島県,薩摩川内市,サーキュラーパーク
8961101,カゴシマケン,サツマセンダイシ,サトチョウサト,鹿児島県,薩摩川内市,里町里
8961521,カゴシマケン,サツマセンダイシ,シモコシキチョウアオセ,鹿児島県,薩摩川内市,下甑町青瀬
8961602,カゴシマケン,サツマセンダイシ,シモコシキチョウカタノウラ,鹿児島県,薩摩川内市,下甑町片野浦
8961412,カゴシマケン,サツマセンダイシ,シモコシキチョウセセノウラ(1700バンチ-、ウチカワウチ),鹿児島県,薩摩川内市,下甑町瀬々野浦（１７００番地〜、内川内）
8961512,カゴシマケン,サツマセンダイシ,シモコシキチョウセセノウラ(ソノタ),鹿児島県,薩摩川内市,下甑町瀬々野浦（その他）
8961601,カゴシマケン,サツマセンダイシ,シモコシキチョウテウチ,鹿児島県,薩摩川内市,下甑町手打
8961411,カゴシマケン,サツマセンダイシ,シモコシキチョウナガハマ,鹿児島県,薩摩川内市,下甑町長浜
8950213,カゴシマケン,サツマセンダイシ,ジョウカミチョウ,鹿児島県,薩摩川内市,城上町
8950001,カゴシマケン,サツマセンダイシ,シラハマチョウ,鹿児島県,薩摩川内市,白浜町
8950022,カゴシマケン,サツマセンダイシ,シラワチョウ,鹿児島県,薩摩川内市,白和町
8950062,カゴシマケン,サツマセンダイシ,ダイオウチョウ,鹿児島県,薩摩川内市,大王町
8950071,カゴシマケン,サツマセンダイシ,タウミチョウ,鹿児島県,薩摩川内市,田海町
8950131,カゴシマケン,サツマセンダイシ,タカエチョウ,鹿児島県,薩摩川内市,高江町
8950211,カゴシマケン,サツマセンダイシ,タキチョウ,鹿児島県,薩摩川内市,高城町
8950006,カゴシマケン,サツマセンダイシ,タサキチョウ,鹿児島県,薩摩川内市,田崎町
8950072,カゴシマケン,サツマセンダイシ,チュウゴウ,鹿児島県,薩摩川内市,中郷
8950072,カゴシマケン,サツマセンダイシ,チュウゴウチョウ,鹿児島県,薩摩川内市,中郷町
8951106,カゴシマケン,サツマセンダイシ,トウゴウチョウオノブチ,鹿児島県,薩摩川内市,東郷町斧渕
8951101,カゴシマケン,サツマセンダイシ,トウゴウチョウシシノ,鹿児島県,薩摩川内市,東郷町宍野
8951103,カゴシマケン,サツマセンダイシ,トウゴウチョウトリマル,鹿児島県,薩摩川内市,東郷町鳥丸
8951105,カゴシマケン,サツマセンダイシ,トウゴウチョウノウゼ,鹿児島県,薩摩川内市,東郷町南瀬
8951102,カゴシマケン,サツマセンダイシ,トウゴウチョウフジカワ,鹿児島県,薩摩川内市,東郷町藤川
8951104,カゴシマケン,サツマセンダイシ,トウゴウチョウヤマダ,鹿児島県,薩摩川内市,東郷町山田
8950024,カゴシマケン,サツマセンダイシ,トリオイチョウ,鹿児島県,薩摩川内市,鳥追町
8950005,カゴシマケン,サツマセンダイシ,ナガトシチョウ,鹿児島県,薩摩川内市,永利町
8950042,カゴシマケン,サツマセンダイシ,ナカフクラチョウ,鹿児島県,薩摩川内市,中福良町
8950003,カゴシマケン,サツマセンダイシ,ナカムラチョウ,鹿児島県,薩摩川内市,中村町
8950055,カゴシマケン,サツマセンダイシ,ニシカイモンチョウ,鹿児島県,薩摩川内市,西開聞町
8991801,カゴシマケン,サツマセンダイシ,ニシカタチョウ,鹿児島県,薩摩川内市,西方町
8950027,カゴシマケン,サツマセンダイシ,ニシムコウダチョウ,鹿児島県,薩摩川内市,西向田町
8950064,カゴシマケン,サツマセンダイシ,ハナキチョウ,鹿児島県,薩摩川内市,花木町
8950074,カゴシマケン,サツマセンダイシ,ハラダチョウ,鹿児島県,薩摩川内市,原田町
8950075,カゴシマケン,サツマセンダイシ,ヒガシオオショウジチョウ,鹿児島県,薩摩川内市,東大小路町
8950051,カゴシマケン,サツマセンダイシ,ヒガシカイモンチョウ,鹿児島県,薩摩川内市,東開聞町
8950026,カゴシマケン,サツマセンダイシ,ヒガシムコウダチョウ,鹿児島県,薩摩川内市,東向田町
8950053,カゴシマケン,サツマセンダイシ,ヒヤミズチョウ,鹿児島県,薩摩川内市,冷水町
8950012,カゴシマケン,サツマセンダイシ,ヒラサ,鹿児島県,薩摩川内市,平佐
8950012,カゴシマケン,サツマセンダイシ,ヒラサチョウ,鹿児島県,薩摩川内市,平佐町
8951203,カゴシマケン,サツマセンダイシ,ヒワキチョウイチヒノ,鹿児島県,薩摩川内市,樋脇町市比野
8951201,カゴシマケン,サツマセンダイシ,ヒワキチョウクラノ,鹿児島県,薩摩川内市,樋脇町倉野
8951202,カゴシマケン,サツマセンダイシ,ヒワキチョウトウノハラ,鹿児島県,薩摩川内市,樋脇町塔之原
8991921,カゴシマケン,サツマセンダイシ,ミズヒキチョウ,鹿児島県,薩摩川内市,水引町
8991924,カゴシマケン,サツマセンダイシ,ミナトチョウ,鹿児島県,薩摩川内市,港町
8950065,カゴシマケン,サツマセンダイシ,ミヤウチチョウ,鹿児島県,薩摩川内市,宮内町
8950043,カゴシマケン,サツマセンダイシ,ミヤコチョウ,鹿児島県,薩摩川内市,都町
8950013,カゴシマケン,サツマセンダイシ,ミヤザキチョウ,鹿児島県,薩摩川内市,宮崎町
8950056,カゴシマケン,サツマセンダイシ,ミヤザトチョウ,鹿児島県,薩摩川内市,宮里町
8950025,カゴシマケン,サツマセンダイシ,ムコウダチョウ,鹿児島県,薩摩川内市,向田町
8950021,カゴシマケン,サツマセンダイシ,ムコウダホンマチ,鹿児島県,薩摩川内市,向田本町
8950007,カゴシマケン,サツマセンダイシ,モモツギチョウ,鹿児島県,薩摩川内市,百次町
8950036,カゴシマケン,サツマセンダイシ,ヤグラチョウ,鹿児島県,薩摩川内市,矢倉町
8950032,カゴシマケン,サツマセンダイシ,ヤマノクチチョウ,鹿児島県,薩摩川内市,山之口町
8991923,カゴシマケン,サツマセンダイシ,ユシマチョウ,鹿児島県,薩摩川内市,湯島町
8991802,カゴシマケン,サツマセンダイシ,ユダチョウ,鹿児島県,薩摩川内市,湯田町
8950212,カゴシマケン,サツマセンダイシ,ヨウゼイチョウ,鹿児島県,薩摩川内市,陽成町
8950023,カゴシマケン,サツマセンダイシ,ヨコババチョウ,鹿児島県,薩摩川内市,横馬場町
8950133,カゴシマケン,サツマセンダイシ,ヨリタチョウ,鹿児島県,薩摩川内市,寄田町
8950063,カゴシマケン,サツマセンダイシ,ワカバチョウ,鹿児島県,薩摩川内市,若葉町
8950054,カゴシマケン,サツマセンダイシ,ワカマツチョウ,鹿児島県,薩摩川内市,若松町
8992500,カゴシマケン,ヒオキシ,イカニケイサイガナイバアイ,鹿児島県,日置市,以下に掲載がない場合
8992522,カゴシマケン,ヒオキシ,イジュウインチョウイイムレ,鹿児島県,日置市,伊集院町飯牟礼
8992505,カゴシマケン,ヒオキシ,イジュウインチョウイガクラ,鹿児島県,日置市,伊集院町猪鹿倉
8993121,カゴシマケン,ヒオキシ,イジュウインチョウオオタ(クキノノイシヅカ),鹿児島県,日置市,伊集院町大田（久木野々石塚）
8992521,カゴシマケン,ヒオキシ,イジュウインチョウオオタ(ソノタ),鹿児島県,日置市,伊集院町大田（その他）
8992512,カゴシマケン,ヒオキシ,イジュウインチョウカミコウドノ,鹿児島県,日置市,伊集院町上神殿
8992506,カゴシマケン,ヒオキシ,イジュウインチョウキヨフジ,鹿児島県,日置市,伊集院町清藤
8992441,カゴシマケン,ヒオキシ,イジュウインチョウクワバタ,鹿児島県,日置市,伊集院町桑畑
8992524,カゴシマケン,ヒオキシ,イジュウインチョウコイノハラ,鹿児島県,日置市,伊集院町恋之原
8992504,カゴシマケン,ヒオキシ,イジュウインチョウコオリ,鹿児島県,日置市,伊集院町郡
8992511,カゴシマケン,ヒオキシ,イジュウインチョウシモコウドノ,鹿児島県,日置市,伊集院町下神殿
8992501,カゴシマケン,ヒオキシ,イジュウインチョウシモタニグチ,鹿児島県,日置市,伊集院町下谷口
8992515,カゴシマケン,ヒオキシ,イジュウインチョウタケノヤマ,鹿児島県,日置市,伊集院町竹之山
8992516,カゴシマケン,ヒオキシ,イジュウインチョウツチバシ,鹿児島県,日置市,伊集院町土橋
8992443,カゴシマケン,ヒオキシ,イジュウインチョウテラワキ,鹿児島県,日置市,伊集院町寺脇
8992502,カゴシマケン,ヒオキシ,イジュウインチョウトクシゲ,鹿児島県,日置市,伊集院町徳重
8992514,カゴシマケン,ヒオキシ,イジュウインチョウナカガワ,鹿児島県,日置市,伊集院町中川
8992442,カゴシマケン,ヒオキシ,イジュウインチョウノダ,鹿児島県,日置市,伊集院町野田
8992523,カゴシマケン,ヒオキシ,イジュウインチョウフルジョウ,鹿児島県,日置市,伊集院町古城
8992503,カゴシマケン,ヒオキシ,イジュウインチョウミョウエンジ,鹿児島県,日置市,伊集院町妙円寺
8992513,カゴシマケン,ヒオキシ,イジュウインチョウムギウダ,鹿児島県,日置市,伊集院町麦生田
8992203,カゴシマケン,ヒオキシ,ヒガシイチキチョウイザクダ,鹿児島県,日置市,東市来町伊作田
8992204,カゴシマケン,ヒオキシ,ヒガシイチキチョウカミノカワ,鹿児島県,日置市,東市来町神之川
8992432,カゴシマケン,ヒオキシ,ヒガシイチキチョウテラワキ,鹿児島県,日置市,東市来町寺脇
8992202,カゴシマケン,ヒオキシ,ヒガシイチキチョウナガサト,鹿児島県,日置市,東市来町長里
8992434,カゴシマケン,ヒオキシ,ヒガシイチキチョウミナミカミノカワ,鹿児島県,日置市,東市来町南神之川
8992433,カゴシマケン,ヒオキシ,ヒガシイチキチョウミヤタ,鹿児島県,日置市,東市来町宮田
8992431,カゴシマケン,ヒオキシ,ヒガシイチキチョウミヤマ,鹿児島県,日置市,東市来町美山
8992201,カゴシマケン,ヒオキシ,ヒガシイチキチョウユダ,鹿児島県,日置市,東市来町湯田
8992311,カゴシマケン,ヒオキシ,ヒガシイチキチョウヨウボ,鹿児島県,日置市,東市来町養母
8992421,カゴシマケン,ヒオキシ,ヒヨシチョウカミノカワ,鹿児島県,日置市,日吉町神之川
8993101,カゴシマケン,ヒオキシ,ヒヨシチョウヒオキ,鹿児島県,日置市,日吉町日置
8993102,カゴシマケン,ヒオキシ,ヒヨシチョウヤマダ,鹿児島県,日置市,日吉町山田
8993103,カゴシマケン,ヒオキシ,ヒヨシチョウヨシトシ(5614、5619、5647、5653バンチ),鹿児島県,日置市,日吉町吉利（５６１４、５６１９、５６４７、５６５３番地）
8993203,カゴシマケン,ヒオキシ,ヒヨシチョウヨシトシ(ソノタ),鹿児島県,日置市,日吉町吉利（その他）
8993305,カゴシマケン,ヒオキシ,フキアゲチョウイマダ,鹿児島県,日置市,吹上町今田
8993304,カゴシマケン,ヒオキシ,フキアゲチョウイリキ,鹿児島県,日置市,吹上町入来
8993306,カゴシマケン,ヒオキシ,フキアゲチョウオノ,鹿児島県,日置市,吹上町小野
8993307,カゴシマケン,ヒオキシ,フキアゲチョウケジュクリ,鹿児島県,日置市,吹上町花熟里
8993308,カゴシマケン,ヒオキシ,フキアゲチョウタジリ,鹿児島県,日置市,吹上町田尻
8993302,カゴシマケン,ヒオキシ,フキアゲチョウナカノサト,鹿児島県,日置市,吹上町中之里
8993301,カゴシマケン,ヒオキシ,フキアゲチョウナカハラ,鹿児島県,日置市,吹上町中原
8993221,カゴシマケン,ヒオキシ,フキアゲチョウナガヨシ,鹿児島県,日置市,吹上町永吉
8993303,カゴシマケン,ヒオキシ,フキアゲチョウユノウラ,鹿児島県,日置市,吹上町湯之浦
8993309,カゴシマケン,ヒオキシ,フキアゲチョウヨクラ,鹿児島県,日置市,吹上町与倉
8993311,カゴシマケン,ヒオキシ,フキアゲチョウワダ,鹿児島県,日置市,吹上町和田
8998600,カゴシマケン,ソオシ,イカニケイサイガナイバアイ,鹿児島県,曽於市,以下に掲載がない場合
8998211,カゴシマケン,ソオシ,オオスミチョウアラタニ(アラタニ、オオサコ、ナカオオサコ),鹿児島県,曽於市,大隅町荒谷（荒谷、大迫、中大迫）
8998311,カゴシマケン,ソオシ,オオスミチョウアラタニ(ソノタ),鹿児島県,曽於市,大隅町荒谷（その他）
8998102,カゴシマケン,ソオシ,オオスミチョウイワガワ,鹿児島県,曽於市,大隅町岩川
8998421,カゴシマケン,ソオシ,オオスミチョウオオタニ,鹿児島県,曽於市,大隅町大谷
8998213,カゴシマケン,ソオシ,オオスミチョウサカイギマチ,鹿児島県,曽於市,大隅町境木町
8998422,カゴシマケン,ソオシ,オオスミチョウサカモト,鹿児島県,曽於市,大隅町坂元
8998106,カゴシマケン,ソオシ,オオスミチョウシモクボマチ,鹿児島県,曽於市,大隅町下窪町
8998423,カゴシマケン,ソオシ,オオスミチョウスダキ,鹿児島県,曽於市,大隅町須田木
8998105,カゴシマケン,ソオシ,オオスミチョウダンナカマチ,鹿児島県,曽於市,大隅町段中町
8998212,カゴシマケン,ソオシ,オオスミチョウツキノ,鹿児島県,曽於市,大隅町月野
8998424,カゴシマケン,ソオシ,オオスミチョウツネヨシ,鹿児島県,曽於市,大隅町恒吉
8998103,カゴシマケン,ソオシ,オオスミチョウナカノウチ,鹿児島県,曽於市,大隅町中之内
8998104,カゴシマケン,ソオシ,オオスミチョウナルガミマチ,鹿児島県,曽於市,大隅町鳴神町
8998101,カゴシマケン,ソオシ,スエヨシチョウイワサキ(イケハラ、イワノウエ、イワミナミ、マエダ、マキハラ、ミチゾイ、ミヤバル),鹿児島県,曽於市,末吉町岩崎（池原、岩之上、岩南、前田、牧原、道添、宮原）
8998601,カゴシマケン,ソオシ,スエヨシチョウイワサキ(ソノタ),鹿児島県,曽於市,末吉町岩崎（その他）
8998609,カゴシマケン,ソオシ,スエヨシチョウカミマチ,鹿児島県,曽於市,末吉町上町
8998602,カゴシマケン,ソオシ,スエヨシチョウサカエマチ,鹿児島県,曽於市,末吉町栄町
8998603,カゴシマケン,ソオシ,スエヨシチョウシンマチ,鹿児島県,曽於市,末吉町新町
8998604,カゴシマケン,ソオシ,スエヨシチョウスワカタ,鹿児島県,曽於市,末吉町諏訪方
8998605,カゴシマケン,ソオシ,スエヨシチョウニノカタ,鹿児島県,曽於市,末吉町二之方
8998606,カゴシマケン,ソオシ,スエヨシチョウフカガワ,鹿児島県,曽於市,末吉町深川
8998607,カゴシマケン,ソオシ,スエヨシチョウホンマチ,鹿児島県,曽於市,末吉町本町
8998608,カゴシマケン,ソオシ,スエヨシチョウミナミノゴウ,鹿児島県,曽於市,末吉町南之郷
8994102,カゴシマケン,ソオシ,タカラベチョウキタマタ,鹿児島県,曽於市,財部町北俣
8994103,カゴシマケン,ソオシ,タカラベチョウシモタカラベ,鹿児島県,曽於市,財部町下財部
8994101,カゴシマケン,ソオシ,タカラベチョウミナミマタ,鹿児島県,曽於市,財部町南俣
8994300,カゴシマケン,キリシマシ,イカニケイサイガナイバアイ,鹿児島県,霧島市,以下に掲載がない場合
8994203,カゴシマケン,キリシマシ,キリシマオオクボ,鹿児島県,霧島市,霧島大窪
8994204,カゴシマケン,キリシマシ,キリシマカワキタ,鹿児島県,霧島市,霧島川北
8994201,カゴシマケン,キリシマシ,キリシマタグチ,鹿児島県,霧島市,霧島田口
8994202,カゴシマケン,キリシマシ,キリシマナガミズ,鹿児島県,霧島市,霧島永水
8994461,カゴシマケン,キリシマシ,コクブウエノダン,鹿児島県,霧島市,国分上之段
8994318,カゴシマケン,キリシマシ,コクブウエノハラジョウモンノモリ,鹿児島県,霧島市,国分上野原縄文の森
8994317,カゴシマケン,キリシマシ,コクブウエノハラテクノパーク,鹿児島県,霧島市,国分上野原テクノパーク
8994313,カゴシマケン,キリシマシ,コクブウワイ,鹿児島県,霧島市,国分上井
8994316,カゴシマケン,キリシマシ,コクブカミコガワ,鹿児島県,霧島市,国分上小川
8994314,カゴシマケン,キリシマシ,コクブカワウチ,鹿児島県,霧島市,国分川内
8994303,カゴシマケン,キリシマシ,コクブカワハラ,鹿児島県,霧島市,国分川原
8994304,カゴシマケン,キリシマシ,コクブキヨミズ,鹿児島県,霧島市,国分清水
8994355,カゴシマケン,キリシマシ,コクブケンノウトチョウ,鹿児島県,霧島市,国分剣之宇都町
8994305,カゴシマケン,キリシマシ,コクブコオリダ,鹿児島県,霧島市,国分郡田
8994462,カゴシマケン,キリシマシ,コクブシキネ,鹿児島県,霧島市,国分敷根
8994301,カゴシマケン,キリシマシ,コクブシゲヒサ,鹿児島県,霧島市,国分重久
8994463,カゴシマケン,キリシマシ,コクブシタイ,鹿児島県,霧島市,国分下井
8994331,カゴシマケン,キリシマシ,コクブシロヤマチョウ,鹿児島県,霧島市,国分城山町
8994351,カゴシマケン,キリシマシ,コクブシンマチ,鹿児島県,霧島市,国分新町
8994302,カゴシマケン,キリシマシ,コクブダイミョウジ,鹿児島県,霧島市,国分台明寺
8994332,カゴシマケン,キリシマシ,コクブチュウオウ,鹿児島県,霧島市,国分中央
8994311,カゴシマケン,キリシマシ,コクブナバチョウ,鹿児島県,霧島市,国分名波町
8994344,カゴシマケン,キリシマシ,コクブノグチキタ,鹿児島県,霧島市,国分野口北
8994342,カゴシマケン,キリシマシ,コクブノグチチョウ,鹿児島県,霧島市,国分野口町
8994343,カゴシマケン,キリシマシ,コクブノグチニシ,鹿児島県,霧島市,国分野口西
8994341,カゴシマケン,キリシマシ,コクブノグチヒガシ,鹿児島県,霧島市,国分野口東
8994354,カゴシマケン,キリシマシ,コクブヒメギ,鹿児島県,霧島市,国分姫城
8994356,カゴシマケン,キリシマシ,コクブヒメギミナミ,鹿児島県,霧島市,国分姫城南
8994321,カゴシマケン,キリシマシ,コクブヒロセ,鹿児島県,霧島市,国分広瀬
8994322,カゴシマケン,キリシマシ,コクブフクシマ,鹿児島県,霧島市,国分福島
8994345,カゴシマケン,キリシマシ,コクブフチュウ,鹿児島県,霧島市,国分府中
8994346,カゴシマケン,キリシマシ,コクブフチュウチョウ,鹿児島県,霧島市,国分府中町
8994323,カゴシマケン,キリシマシ,コクブマツキ,鹿児島県,霧島市,国分松木
8994325,カゴシマケン,キリシマシ,コクブマツキチョウ,鹿児島県,霧島市,国分松木町
8994324,カゴシマケン,キリシマシ,コクブマツキヒガシ,鹿児島県,霧島市,国分松木東
8994315,カゴシマケン,キリシマシ,コクブミナト,鹿児島県,霧島市,国分湊
8994352,カゴシマケン,キリシマシ,コクブムケ,鹿児島県,霧島市,国分向花
8994353,カゴシマケン,キリシマシ,コクブムケチョウ,鹿児島県,霧島市,国分向花町
8994312,カゴシマケン,キリシマシ,コクブヤマシタチョウ,鹿児島県,霧島市,国分山下町
8995118,カゴシマケン,キリシマシ,ハヤトチョウアサヒ,鹿児島県,霧島市,隼人町朝日
8995116,カゴシマケン,キリシマシ,ハヤトチョウウチ,鹿児島県,霧島市,隼人町内
8995106,カゴシマケン,キリシマシ,ハヤトチョウウチヤマダ,鹿児島県,霧島市,隼人町内山田
8995105,カゴシマケン,キリシマシ,ハヤトチョウオダ,鹿児島県,霧島市,隼人町小田
8995103,カゴシマケン,キリシマシ,ハヤトチョウオハマ,鹿児島県,霧島市,隼人町小浜
8995113,カゴシマケン,キリシマシ,ハヤトチョウカレイガワ,鹿児島県,霧島市,隼人町嘉例川
8995114,カゴシマケン,キリシマシ,ハヤトチョウサイコウジ,鹿児島県,霧島市,隼人町西光寺
8995121,カゴシマケン,キリシマシ,ハヤトチョウジングウ,鹿児島県,霧島市,隼人町神宮
8995102,カゴシマケン,キリシマシ,ハヤトチョウシンコウ,鹿児島県,霧島市,隼人町真孝
8995101,カゴシマケン,キリシマシ,ハヤトチョウスミヨシ,鹿児島県,霧島市,隼人町住吉
8995115,カゴシマケン,キリシマシ,ハヤトチョウトウゴウ,鹿児島県,霧島市,隼人町東郷
8995104,カゴシマケン,キリシマシ,ハヤトチョウノクミダ,鹿児島県,霧島市,隼人町野久美田
8995111,カゴシマケン,キリシマシ,ハヤトチョウヒメギ,鹿児島県,霧島市,隼人町姫城
8995112,カゴシマケン,キリシマシ,ハヤトチョウマツナガ,鹿児島県,霧島市,隼人町松永
8995117,カゴシマケン,キリシマシ,ハヤトチョウミツギ,鹿児島県,霧島市,隼人町見次
8994504,カゴシマケン,キリシマシ,フクヤマチョウカレイガワ,鹿児島県,霧島市,福山町佳例川
8994503,カゴシマケン,キリシマシ,フクヤマチョウフクザワ,鹿児島県,霧島市,福山町福沢
8994502,カゴシマケン,キリシマシ,フクヤマチョウフクチ,鹿児島県,霧島市,福山町福地
8994501,カゴシマケン,キリシマシ,フクヤマチョウフクヤマ,鹿児島県,霧島市,福山町福山
8996604,カゴシマケン,キリシマシ,マキゾノチョウカミナカツガワ(1896-2072バン),鹿児島県,霧島市,牧園町上中津川（１８９６〜２０７２番）
8996504,カゴシマケン,キリシマシ,マキゾノチョウカミナカツガワ(ソノタ),鹿児島県,霧島市,牧園町上中津川（その他）
8996602,カゴシマケン,キリシマシ,マキゾノチョウサンタイドウ(1824-2、1824-9、1824-41、,鹿児島県,霧島市,牧園町三体堂（１８２４−２、１８２４−９、１８２４−４１、
8996602,カゴシマケン,キリシマシ,1835-81、1835-108、1835-109、1835-228、,鹿児島県,霧島市,１８３５−８１、１８３５−１０８、１８３５−１０９、１８３５−２２８、
8996602,カゴシマケン,キリシマシ,1835-238、1835-253、2003-5、2003-9、,鹿児島県,霧島市,１８３５−２３８、１８３５−２５３、２００３−５、２００３−９、
8996602,カゴシマケン,キリシマシ,2003-14、2003-17、2003-18、2057-8),鹿児島県,霧島市,２００３−１４、２００３−１７、２００３−１８、２０５７−８）
8996502,カゴシマケン,キリシマシ,マキゾノチョウサンタイドウ(ソノタ),鹿児島県,霧島市,牧園町三体堂（その他）
8996506,カゴシマケン,キリシマシ,マキゾノチョウシモナカツガワ,鹿児島県,霧島市,牧園町下中津川
8996507,カゴシマケン,キリシマシ,マキゾノチョウシュククボタ,鹿児島県,霧島市,牧園町宿窪田
8996503,カゴシマケン,キリシマシ,マキゾノチョウタカチホ(3012-3240バン),鹿児島県,霧島市,牧園町高千穂（３０１２〜３２４０番）
8996603,カゴシマケン,キリシマシ,マキゾノチョウタカチホ(ソノタ),鹿児島県,霧島市,牧園町高千穂（その他）
8996601,カゴシマケン,キリシマシ,マキゾノチョウマンゼン(1400-1477バン),鹿児島県,霧島市,牧園町万膳（１４００〜１４７７番）
8996501,カゴシマケン,キリシマシ,マキゾノチョウマンゼン(ソノタ),鹿児島県,霧島市,牧園町万膳（その他）
8996505,カゴシマケン,キリシマシ,マキゾノチョウモチマツ,鹿児島県,霧島市,牧園町持松
8996401,カゴシマケン,キリシマシ,ミゾベチョウアリカワ,鹿児島県,霧島市,溝辺町有川
8996405,カゴシマケン,キリシマシ,ミゾベチョウサキモリ,鹿児島県,霧島市,溝辺町崎森
8996402,カゴシマケン,キリシマシ,ミゾベチョウタカゼ,鹿児島県,霧島市,溝辺町竹子
8996404,カゴシマケン,キリシマシ,ミゾベチョウフモト,鹿児島県,霧島市,溝辺町麓
8996403,カゴシマケン,キリシマシ,ミゾベチョウミナワ,鹿児島県,霧島市,溝辺町三縄
8996301,カゴシマケン,キリシマシ,ヨコガワチョウカミノ,鹿児島県,霧島市,横川町上ノ
8996302,カゴシマケン,キリシマシ,ヨコガワチョウシモノ,鹿児島県,霧島市,横川町下ノ
8996303,カゴシマケン,キリシマシ,ヨコガワチョウナカノ,鹿児島県,霧島市,横川町中ノ
8960000,カゴシマケン,イチキクシキノシ,イカニケイサイガナイバアイ,鹿児島県,いちき串木野市,以下に掲載がない場合
8960061,カゴシマケン,イチキクシキノシ,アイギチョウ,鹿児島県,いちき串木野市,愛木町
8960001,カゴシマケン,イチキクシキノシ,アケボノチョウ,鹿児島県,いちき串木野市,曙町
8960015,カゴシマケン,イチキクシキノシ,アサヒマチ,鹿児島県,いちき串木野市,旭町
8960084,カゴシマケン,イチキクシキノシ,アサヤマ,鹿児島県,いちき串木野市,浅山
8960065,カゴシマケン,イチキクシキノシ,アラカワ,鹿児島県,いちき串木野市,荒川
8960036,カゴシマケン,イチキクシキノシ,ウラワチョウ,鹿児島県,いちき串木野市,浦和町
8960027,カゴシマケン,イチキクシキノシ,エビスチョウ,鹿児島県,いちき串木野市,恵比須町
8992103,カゴシマケン,イチキクシキノシ,オオザト,鹿児島県,いちき串木野市,大里
8960081,カゴシマケン,イチキクシキノシ,オオゾノ,鹿児島県,いちき串木野市,大薗
8960011,カゴシマケン,イチキクシキノシ,オオハルマチ,鹿児島県,いちき串木野市,大原町
8960025,カゴシマケン,イチキクシキノシ,オクラチョウ,鹿児島県,いちき串木野市,御倉町
8960057,カゴシマケン,イチキクシキノシ,カイゼ,鹿児島県,いちき串木野市,海瀬
8960002,カゴシマケン,イチキクシキノシ,カスガチョウ,鹿児島県,いちき串木野市,春日町
8960079,カゴシマケン,イチキクシキノシ,カワウチ,鹿児島県,いちき串木野市,河内
8992102,カゴシマケン,イチキクシキノシ,カワカミ,鹿児島県,いちき串木野市,川上
8960051,カゴシマケン,イチキクシキノシ,カンムリダケ,鹿児島県,いちき串木野市,冠嶽
8960041,カゴシマケン,イチキクシキノシ,キタハマチョウ,鹿児島県,いちき串木野市,北浜町
8960003,カゴシマケン,イチキクシキノシ,キョウマチ,鹿児島県,いちき串木野市,京町
8960075,カゴシマケン,イチキクシキノシ,キンザン,鹿児島県,いちき串木野市,金山
8960074,カゴシマケン,イチキクシキノシ,キンザンシモ,鹿児島県,いちき串木野市,金山下
8960063,カゴシマケン,イチキクシキノシ,クチノマチ,鹿児島県,いちき串木野市,口之町
8960034,カゴシマケン,イチキクシキノシ,コゼチョウ,鹿児島県,いちき串木野市,小瀬町
8960082,カゴシマケン,イチキクシキノシ,コゾノ,鹿児島県,いちき串木野市,小薗
8960013,カゴシマケン,イチキクシキノシ,サカエマチ,鹿児島県,いちき串木野市,栄町
8960016,カゴシマケン,イチキクシキノシ,サクラマチ,鹿児島県,いちき串木野市,桜町
8960072,カゴシマケン,イチキクシキノシ,サツマヤマ,鹿児島県,いちき串木野市,薩摩山
8960004,カゴシマケン,イチキクシキノシ,シオミチョウ,鹿児島県,いちき串木野市,汐見町
8960023,カゴシマケン,イチキクシキノシ,シオヤチョウ,鹿児島県,いちき串木野市,塩屋町
8960026,カゴシマケン,イチキクシキノシ,ショウワドオリ,鹿児島県,いちき串木野市,昭和通
8960035,カゴシマケン,イチキクシキノシ,シンセイチョウ,鹿児島県,いちき串木野市,新生町
8960021,カゴシマケン,イチキクシキノシ,スミヨシチョウ,鹿児島県,いちき串木野市,住吉町
8960046,カゴシマケン,イチキクシキノシ,セイサツチョウ,鹿児島県,いちき串木野市,西薩町
8960078,カゴシマケン,イチキクシキノシ,セイフク,鹿児島県,いちき串木野市,生福
8960076,カゴシマケン,イチキクシキノシ,セリガノ,鹿児島県,いちき串木野市,芹ケ野
8960017,カゴシマケン,イチキクシキノシ,タカミチョウ,鹿児島県,いちき串木野市,高見町
8960055,カゴシマケン,イチキクシキノシ,テルシマ,鹿児島県,いちき串木野市,照島
8960012,カゴシマケン,イチキクシキノシ,ナカオチョウ,鹿児島県,いちき串木野市,中尾町
8960033,カゴシマケン,イチキクシキノシ,ナガサキチョウ,鹿児島県,いちき串木野市,長崎町
8960005,カゴシマケン,イチキクシキノシ,ニシエンデンチョウ,鹿児島県,いちき串木野市,西塩田町
8960032,カゴシマケン,イチキクシキノシ,ニシシマビラチョウ,鹿児島県,いちき串木野市,西島平町
8960044,カゴシマケン,イチキクシキノシ,ニシハマチョウ,鹿児島県,いちき串木野市,西浜町
8960073,カゴシマケン,イチキクシキノシ,ノシタ,鹿児島県,いちき串木野市,野下
8960066,カゴシマケン,イチキクシキノシ,ノモト,鹿児島県,いちき串木野市,野元
8960058,カゴシマケン,イチキクシキノシ,ハカマダ,鹿児島県,いちき串木野市,袴田
8960064,カゴシマケン,イチキクシキノシ,ハシマ,鹿児島県,いちき串木野市,羽島
8960069,カゴシマケン,イチキクシキノシ,ハマガジョウ,鹿児島県,いちき串木野市,浜ケ城
8960062,カゴシマケン,イチキクシキノシ,ハマダチョウ,鹿児島県,いちき串木野市,浜田町
8960006,カゴシマケン,イチキクシキノシ,ヒガシエンデンチョウ,鹿児島県,いちき串木野市,東塩田町
8960031,カゴシマケン,イチキクシキノシ,ヒガシシマビラチョウ,鹿児島県,いちき串木野市,東島平町
8960054,カゴシマケン,イチキクシキノシ,ヒノデチョウ,鹿児島県,いちき串木野市,日出町
8960028,カゴシマケン,イチキクシキノシ,ヒバリガオカ,鹿児島県,いちき串木野市,ひばりが丘
8960067,カゴシマケン,イチキクシキノシ,ヒラエ,鹿児島県,いちき串木野市,平江
8960071,カゴシマケン,イチキクシキノシ,フカタカミ,鹿児島県,いちき串木野市,深田上
8960077,カゴシマケン,イチキクシキノシ,フカタシモ,鹿児島県,いちき串木野市,深田下
8960083,カゴシマケン,イチキクシキノシ,フモト,鹿児島県,いちき串木野市,麓
8960037,カゴシマケン,イチキクシキノシ,ベップ,鹿児島県,いちき串木野市,別府
8960045,カゴシマケン,イチキクシキノシ,マグロホンマチ,鹿児島県,いちき串木野市,まぐろ本町
8960024,カゴシマケン,イチキクシキノシ,ミスミチョウ,鹿児島県,いちき串木野市,美住町
8960068,カゴシマケン,イチキクシキノシ,ミツイ,鹿児島県,いちき串木野市,三井
8960022,カゴシマケン,イチキクシキノシ,ミドリマチ,鹿児島県,いちき串木野市,緑町
8960043,カゴシマケン,イチキクシキノシ,ミナトマチ,鹿児島県,いちき串木野市,港町
8992101,カゴシマケン,イチキクシキノシ,ミナトマチ,鹿児島県,いちき串木野市,湊町
8960042,カゴシマケン,イチキクシキノシ,モトハマチョウ,鹿児島県,いちき串木野市,本浜町
8960014,カゴシマケン,イチキクシキノシ,モトマチ,鹿児島県,いちき串木野市,元町
8960056,カゴシマケン,イチキクシキノシ,ヤフサ,鹿児島県,いちき串木野市,八房
8970000,カゴシマケン,ミナミサツマシ,イカニケイサイガナイバアイ,鹿児島県,南さつま市,以下に掲載がない場合
8980221,カゴシマケン,ミナミサツマシ,オオウラチョウ(4713-5277バンチ),鹿児島県,南さつま市,大浦町（４７１３〜５２７７番地）
8971201,カゴシマケン,ミナミサツマシ,オオウラチョウ(ソノタ),鹿児島県,南さつま市,大浦町（その他）
8971302,カゴシマケン,ミナミサツマシ,カササチョウアコウギ,鹿児島県,南さつま市,笠沙町赤生木
8971301,カゴシマケン,ミナミサツマシ,カササチョウカタウラ,鹿児島県,南さつま市,笠沙町片浦
8970004,カゴシマケン,ミナミサツマシ,カセダウチヤマダ,鹿児島県,南さつま市,加世田内山田
8970003,カゴシマケン,ミナミサツマシ,カセダカワバタ,鹿児島県,南さつま市,加世田川畑
8971122,カゴシマケン,ミナミサツマシ,カセダコミナト,鹿児島県,南さつま市,加世田小湊
8970008,カゴシマケン,ミナミサツマシ,カセダジトウショ,鹿児島県,南さつま市,加世田地頭所
8970007,カゴシマケン,ミナミサツマシ,カセダシラカメ,鹿児島県,南さつま市,加世田白亀
8971123,カゴシマケン,ミナミサツマシ,カセダタカハシ,鹿児島県,南さつま市,加世田高橋
8970002,カゴシマケン,ミナミサツマシ,カセダタケダ,鹿児島県,南さつま市,加世田武田
8993611,カゴシマケン,ミナミサツマシ,カセダツヌキ,鹿児島県,南さつま市,加世田津貫
8971121,カゴシマケン,ミナミサツマシ,カセダトウジンバラ,鹿児島県,南さつま市,加世田唐仁原
8970009,カゴシマケン,ミナミサツマシ,カセダハーモニー,鹿児島県,南さつま市,加世田ハーモニー
8970031,カゴシマケン,ミナミサツマシ,カセダヒガシホンチョウ,鹿児島県,南さつま市,加世田東本町
8970005,カゴシマケン,ミナミサツマシ,カセダフモトチョウ,鹿児島県,南さつま市,加世田麓町
8970006,カゴシマケン,ミナミサツマシ,カセダホンチョウ,鹿児島県,南さつま市,加世田本町
8971125,カゴシマケン,ミナミサツマシ,カセダマスヤマ,鹿児島県,南さつま市,加世田益山
8971124,カゴシマケン,ミナミサツマシ,カセダミヤバラ,鹿児島県,南さつま市,加世田宮原
8970001,カゴシマケン,ミナミサツマシ,カセダムラハラ,鹿児島県,南さつま市,加世田村原
8993405,カゴシマケン,ミナミサツマシ,キンポウチョウイケベ,鹿児島県,南さつま市,金峰町池辺
8993516,カゴシマケン,ミナミサツマシ,キンポウチョウウラノミョウ,鹿児島県,南さつま市,金峰町浦之名
8993401,カゴシマケン,ミナミサツマシ,キンポウチョウオオノ,鹿児島県,南さつま市,金峰町大野
8993403,カゴシマケン,ミナミサツマシ,キンポウチョウオクダリ,鹿児島県,南さつま市,金峰町尾下
8993513,カゴシマケン,ミナミサツマシ,キンポウチョウシラカワ,鹿児島県,南さつま市,金峰町白川
8993402,カゴシマケン,ミナミサツマシ,キンポウチョウダイザカ,鹿児島県,南さつま市,金峰町大坂
8993404,カゴシマケン,ミナミサツマシ,キンポウチョウタカハシ,鹿児島県,南さつま市,金峰町高橋
8993515,カゴシマケン,ミナミサツマシ,キンポウチョウナカツノ,鹿児島県,南さつま市,金峰町中津野
8993514,カゴシマケン,ミナミサツマシ,キンポウチョウニイヤマ,鹿児島県,南さつま市,金峰町新山
8993512,カゴシマケン,ミナミサツマシ,キンポウチョウハナゼ,鹿児島県,南さつま市,金峰町花瀬
8993511,カゴシマケン,ミナミサツマシ,キンポウチョウミヤザキ,鹿児島県,南さつま市,金峰町宮崎
8980212,カゴシマケン,ミナミサツマシ,ボウノツチョウアキメ,鹿児島県,南さつま市,坊津町秋目
8980211,カゴシマケン,ミナミサツマシ,ボウノツチョウクシ,鹿児島県,南さつま市,坊津町久志
8980102,カゴシマケン,ミナミサツマシ,ボウノツチョウトマリ,鹿児島県,南さつま市,坊津町泊
8980101,カゴシマケン,ミナミサツマシ,ボウノツチョウボウ,鹿児島県,南さつま市,坊津町坊
8997100,カゴシマケン,シブシシ,イカニケイサイガナイバアイ,鹿児島県,志布志市,以下に掲載がない場合
8997401,カゴシマケン,シブシシ,アリアケチョウイサキダ,鹿児島県,志布志市,有明町伊崎田
8997402,カゴシマケン,シブシシ,アリアケチョウノイクラ,鹿児島県,志布志市,有明町野井倉
8998312,カゴシマケン,シブシシ,アリアケチョウノガミ(ヌキダニ、ヌルキ、ホンジ、マガリ、ミズノタニ),鹿児島県,志布志市,有明町野神（抜谷、塗木、本地、曲、水ノ谷）
8997512,カゴシマケン,シブシシ,アリアケチョウノガミ(ソノタ),鹿児島県,志布志市,有明町野神（その他）
8997511,カゴシマケン,シブシシ,アリアケチョウハラダ,鹿児島県,志布志市,有明町原田
8997403,カゴシマケン,シブシシ,アリアケチョウフツハラ(カスガ),鹿児島県,志布志市,有明町蓬原（春日）
8997503,カゴシマケン,シブシシ,アリアケチョウフツハラ(ソノタ),鹿児島県,志布志市,有明町蓬原（その他）
8997513,カゴシマケン,シブシシ,アリアケチョウヤマシゲ,鹿児島県,志布志市,有明町山重
8997104,カゴシマケン,シブシシ,シブシチョウアンラク,鹿児島県,志布志市,志布志町安楽
8997211,カゴシマケン,シブシシ,シブシチョウウチノクラ,鹿児島県,志布志市,志布志町内之倉
8997103,カゴシマケン,シブシシ,シブシチョウシブシ,鹿児島県,志布志市,志布志町志布志
8997212,カゴシマケン,シブシシ,シブシチョウタノウラ,鹿児島県,志布志市,志布志町田之浦
8997102,カゴシマケン,シブシシ,シブシチョウチョウ,鹿児島県,志布志市,志布志町帖
8997101,カゴシマケン,シブシシ,シブシチョウナツイ,鹿児島県,志布志市,志布志町夏井
8997603,カゴシマケン,シブシシ,マツヤマチョウオノミ,鹿児島県,志布志市,松山町尾野見
8997601,カゴシマケン,シブシシ,マツヤマチョウシンバシ,鹿児島県,志布志市,松山町新橋
8997602,カゴシマケン,シブシシ,マツヤマチョウタイノ,鹿児島県,志布志市,松山町泰野
8940000,カゴシマケン,アマミシ,イカニケイサイガナイバアイ,鹿児島県,奄美市,以下に掲載がない場合
8940501,カゴシマケン,アマミシ,カサリチョウウシュク,鹿児島県,奄美市,笠利町宇宿
8940622,カゴシマケン,アマミシ,カサリチョウカサリ,鹿児島県,奄美市,笠利町笠利
8940625,カゴシマケン,アマミシ,カサリチョウカワカミ,鹿児島県,奄美市,笠利町川上
8940507,カゴシマケン,アマミシ,カサリチョウキセ,鹿児島県,奄美市,笠利町喜瀬
8940511,カゴシマケン,アマミシ,カサリチョウサト,鹿児島県,奄美市,笠利町里
8940627,カゴシマケン,アマミシ,カサリチョウサニ,鹿児島県,奄美市,笠利町佐仁
8940624,カゴシマケン,アマミシ,カサリチョウスノ,鹿児島県,奄美市,笠利町須野
8940504,カゴシマケン,アマミシ,カサリチョウセッタ,鹿児島県,奄美市,笠利町節田
8940513,カゴシマケン,アマミシ,カサリチョウソトガネク,鹿児島県,奄美市,笠利町外金久
8940505,カゴシマケン,アマミシ,カサリチョウタイラ,鹿児島県,奄美市,笠利町平
8940506,カゴシマケン,アマミシ,カサリチョウテケブ,鹿児島県,奄美市,笠利町手花部
8940512,カゴシマケン,アマミシ,カサリチョウナカガネク,鹿児島県,奄美市,笠利町中金久
8940623,カゴシマケン,アマミシ,カサリチョウベル,鹿児島県,奄美市,笠利町辺留
8940502,カゴシマケン,アマミシ,カサリチョウマンヤ,鹿児島県,奄美市,笠利町万屋
8940626,カゴシマケン,アマミシ,カサリチョウヤニ,鹿児島県,奄美市,笠利町屋仁
8940621,カゴシマケン,アマミシ,カサリチョウヨウ,鹿児島県,奄美市,笠利町用
8940508,カゴシマケン,アマミシ,カサリチョウヨウアン,鹿児島県,奄美市,笠利町用安
8940503,カゴシマケン,アマミシ,カサリチョウワノ,鹿児島県,奄美市,笠利町和野
8941201,カゴシマケン,アマミシ,スミヨウチョウイシハラ,鹿児島県,奄美市,住用町石原
8941321,カゴシマケン,アマミシ,スミヨウチョウイチ,鹿児島県,奄美市,住用町市
8941203,カゴシマケン,アマミシ,スミヨウチョウカミヤ,鹿児島県,奄美市,住用町神屋
8941115,カゴシマケン,アマミシ,スミヨウチョウカワウチ,鹿児島県,奄美市,住用町川内
8941111,カゴシマケン,アマミシ,スミヨウチョウグスク,鹿児島県,奄美市,住用町城
8941116,カゴシマケン,アマミシ,スミヨウチョウスリガチ,鹿児島県,奄美市,住用町摺勝
8941202,カゴシマケン,アマミシ,スミヨウチョウニシナカマ,鹿児島県,奄美市,住用町西仲間
8941114,カゴシマケン,アマミシ,スミヨウチョウヒガシナカマ,鹿児島県,奄美市,住用町東仲間
8941113,カゴシマケン,アマミシ,スミヨウチョウミザト,鹿児島県,奄美市,住用町見里
8941205,カゴシマケン,アマミシ,スミヨウチョウヤクガチ,鹿児島県,奄美市,住用町役勝
8941304,カゴシマケン,アマミシ,スミヨウチョウヤンマ(493-592バンチ、トダマ),鹿児島県,奄美市,住用町山間（４９３〜５９２番地、戸玉）
8941204,カゴシマケン,アマミシ,スミヨウチョウヤンマ(ソノタ),鹿児島県,奄美市,住用町山間（その他）
8941112,カゴシマケン,アマミシ,スミヨウチョウワセ,鹿児島県,奄美市,住用町和瀬
8940773,カゴシマケン,アマミシ,ナゼアサト,鹿児島県,奄美市,名瀬朝戸
8940043,カゴシマケン,アマミシ,ナゼアサニ,鹿児島県,奄美市,名瀬朝仁
8940041,カゴシマケン,アマミシ,ナゼアサニシンマチ,鹿児島県,奄美市,名瀬朝仁新町
8940042,カゴシマケン,アマミシ,ナゼアサニチョウ,鹿児島県,奄美市,名瀬朝仁町
8940061,カゴシマケン,アマミシ,ナゼアサヒチョウ,鹿児島県,奄美市,名瀬朝日町
8940351,カゴシマケン,アマミシ,ナゼアシケブ,鹿児島県,奄美市,名瀬芦花部
8940002,カゴシマケン,アマミシ,ナゼアリヤ,鹿児島県,奄美市,名瀬有屋
8940062,カゴシマケン,アマミシ,ナゼアリヤチョウ,鹿児島県,奄美市,名瀬有屋町
8940352,カゴシマケン,アマミシ,ナゼアリラ,鹿児島県,奄美市,名瀬有良
8940011,カゴシマケン,アマミシ,ナゼアンガチチョウ,鹿児島県,奄美市,名瀬安勝町
8940017,カゴシマケン,アマミシ,ナゼイシバシチョウ,鹿児島県,奄美市,名瀬石橋町
8940774,カゴシマケン,アマミシ,ナゼイツブガチ,鹿児島県,奄美市,名瀬伊津部勝
8940021,カゴシマケン,アマミシ,ナゼイツブチョウ,鹿児島県,奄美市,名瀬伊津部町
8940024,カゴシマケン,アマミシ,ナゼイネチョウ,鹿児島県,奄美市,名瀬井根町
8940034,カゴシマケン,アマミシ,ナゼイリフネチョウ,鹿児島県,奄美市,名瀬入舟町
8940108,カゴシマケン,アマミシ,ナゼウラガミ(コマタ),鹿児島県,奄美市,名瀬浦上（小又）
8940008,カゴシマケン,アマミシ,ナゼウラガミ(ソノタ),鹿児島県,奄美市,名瀬浦上（その他）
8940068,カゴシマケン,アマミシ,ナゼウラガミチョウ,鹿児島県,奄美市,名瀬浦上町
8940013,カゴシマケン,アマミシ,ナゼカスガチョウ,鹿児島県,奄美市,名瀬春日町
8940031,カゴシマケン,アマミシ,ナゼカネクチョウ,鹿児島県,奄美市,名瀬金久町
8940022,カゴシマケン,アマミシ,ナゼクサトチョウ,鹿児島県,奄美市,名瀬久里町
8940046,カゴシマケン,アマミシ,ナゼコシュク,鹿児島県,奄美市,名瀬小宿
8940006,カゴシマケン,アマミシ,ナゼコハマチョウ,鹿児島県,奄美市,名瀬小浜町
8940012,カゴシマケン,アマミシ,ナゼコマタチョウ,鹿児島県,奄美市,名瀬小俣町
8940771,カゴシマケン,アマミシ,ナゼコミナト,鹿児島県,奄美市,名瀬小湊
8940025,カゴシマケン,アマミシ,ナゼサイワイチョウ,鹿児島県,奄美市,名瀬幸町
8940776,カゴシマケン,アマミシ,ナゼサキバル,鹿児島県,奄美市,名瀬崎原
8940005,カゴシマケン,アマミシ,ナゼサダイクマチョウ,鹿児島県,奄美市,名瀬佐大熊町
8940035,カゴシマケン,アマミシ,ナゼシオハマチョウ,鹿児島県,奄美市,名瀬塩浜町
8940027,カゴシマケン,アマミシ,ナゼスエヒロチョウ,鹿児島県,奄美市,名瀬末広町
8940001,カゴシマケン,アマミシ,ナゼダイクマ,鹿児島県,奄美市,名瀬大熊
8940009,カゴシマケン,アマミシ,ナゼダイクマチョウ,鹿児島県,奄美市,名瀬大熊町
8940047,カゴシマケン,アマミシ,ナゼチナセ,鹿児島県,奄美市,名瀬知名瀬
8940003,カゴシマケン,アマミシ,ナゼナカガチ,鹿児島県,奄美市,名瀬仲勝
8940063,カゴシマケン,アマミシ,ナゼナカガチチョウ,鹿児島県,奄美市,名瀬仲勝町
8940023,カゴシマケン,アマミシ,ナゼナガタチョウ,鹿児島県,奄美市,名瀬永田町
8940036,カゴシマケン,アマミシ,ナゼナガハマチョウ,鹿児島県,奄美市,名瀬長浜町
8940775,カゴシマケン,アマミシ,ナゼナゼガチ,鹿児島県,奄美市,名瀬名瀬勝
8940772,カゴシマケン,アマミシ,ナゼニシナカガチ,鹿児島県,奄美市,名瀬西仲勝
8940048,カゴシマケン,アマミシ,ナゼネセブ,鹿児島県,奄美市,名瀬根瀬部
8940004,カゴシマケン,アマミシ,ナゼハトハマチョウ,鹿児島県,奄美市,名瀬鳩浜町
8940044,カゴシマケン,アマミシ,ナゼハマサトチョウ,鹿児島県,奄美市,名瀬浜里町
8940014,カゴシマケン,アマミシ,ナゼヒラタチョウ,鹿児島県,奄美市,名瀬平田町
8940045,カゴシマケン,アマミシ,ナゼヒラマツチョウ,鹿児島県,奄美市,名瀬平松町
8940016,カゴシマケン,アマミシ,ナゼフルタチョウ,鹿児島県,奄美市,名瀬古田町
8940015,カゴシマケン,アマミシ,ナゼマナヅチョウ,鹿児島県,奄美市,名瀬真名津町
8940026,カゴシマケン,アマミシ,ナゼミナトマチ,鹿児島県,奄美市,名瀬港町
8940032,カゴシマケン,アマミシ,ナゼヤナギマチ,鹿児島県,奄美市,名瀬柳町
8940033,カゴシマケン,アマミシ,ナゼヤノワキチョウ,鹿児島県,奄美市,名瀬矢之脇町
8940007,カゴシマケン,アマミシ,ナゼワコウチョウ,鹿児島県,奄美市,名瀬和光町
8970200,カゴシマケン,ミナミキュウシュウシ,イカニケイサイガナイバアイ,鹿児島県,南九州市,以下に掲載がない場合
8910705,カゴシマケン,ミナミキュウシュウシ,エイチョウカミベップ,鹿児島県,南九州市,頴娃町上別府
8910701,カゴシマケン,ミナミキュウシュウシ,エイチョウコオリ,鹿児島県,南九州市,頴娃町郡
8910703,カゴシマケン,ミナミキュウシュウシ,エイチョウゴリョウ,鹿児島県,南九州市,頴娃町御領
8910704,カゴシマケン,ミナミキュウシュウシ,エイチョウベップ,鹿児島県,南九州市,頴娃町別府
8910702,カゴシマケン,ミナミキュウシュウシ,エイチョウマキノウチ,鹿児島県,南九州市,頴娃町牧之内
8970212,カゴシマケン,ミナミキュウシュウシ,カワナベチョウイマダ,鹿児島県,南九州市,川辺町今田
8970213,カゴシマケン,ミナミキュウシュウシ,カワナベチョウオノ,鹿児島県,南九州市,川辺町小野
8970131,カゴシマケン,ミナミキュウシュウシ,カワナベチョウカミヤマダ,鹿児島県,南九州市,川辺町上山田
8970202,カゴシマケン,ミナミキュウシュウシ,カワナベチョウキヨミズ,鹿児島県,南九州市,川辺町清水
8970201,カゴシマケン,ミナミキュウシュウシ,カワナベチョウコウドノ,鹿児島県,南九州市,川辺町神殿
8970133,カゴシマケン,ミナミキュウシュウシ,カワナベチョウシモヤマダ,鹿児島県,南九州市,川辺町下山田
8970223,カゴシマケン,ミナミキュウシュウシ,カワナベチョウタカタ,鹿児島県,南九州市,川辺町高田
8970221,カゴシマケン,ミナミキュウシュウシ,カワナベチョウタベタ,鹿児島県,南九州市,川辺町田部田
8970222,カゴシマケン,ミナミキュウシュウシ,カワナベチョウナガタ,鹿児島県,南九州市,川辺町永田
8970132,カゴシマケン,ミナミキュウシュウシ,カワナベチョウナカヤマダ,鹿児島県,南九州市,川辺町中山田
8970203,カゴシマケン,ミナミキュウシュウシ,カワナベチョウノサキ,鹿児島県,南九州市,川辺町野崎
8970205,カゴシマケン,ミナミキュウシュウシ,カワナベチョウノマ,鹿児島県,南九州市,川辺町野間
8970215,カゴシマケン,ミナミキュウシュウシ,カワナベチョウヒラヤマ,鹿児島県,南九州市,川辺町平山
8970204,カゴシマケン,ミナミキュウシュウシ,カワナベチョウフルトノ,鹿児島県,南九州市,川辺町古殿
8970214,カゴシマケン,ミナミキュウシュウシ,カワナベチョウミヤ,鹿児島県,南九州市,川辺町宮
8970224,カゴシマケン,ミナミキュウシュウシ,カワナベチョウモトベップ,鹿児島県,南九州市,川辺町本別府
8970211,カゴシマケン,ミナミキュウシュウシ,カワナベチョウリョウゾエ,鹿児島県,南九州市,川辺町両添
8970301,カゴシマケン,ミナミキュウシュウシ,チランチョウアツチ,鹿児島県,南九州市,知覧町厚地
8970302,カゴシマケン,ミナミキュウシュウシ,チランチョウコオリ,鹿児島県,南九州市,知覧町郡
8910911,カゴシマケン,ミナミキュウシュウシ,チランチョウシオヤ,鹿児島県,南九州市,知覧町塩屋
8970305,カゴシマケン,ミナミキュウシュウシ,チランチョウセセ,鹿児島県,南九州市,知覧町瀬世
8970303,カゴシマケン,ミナミキュウシュウシ,チランチョウナガサト,鹿児島県,南九州市,知覧町永里
8970306,カゴシマケン,ミナミキュウシュウシ,チランチョウニシモト,鹿児島県,南九州市,知覧町西元
8970304,カゴシマケン,ミナミキュウシュウシ,チランチョウヒガシベップ,鹿児島県,南九州市,知覧町東別府
8910912,カゴシマケン,ミナミキュウシュウシ,チランチョウミナミベップ,鹿児島県,南九州市,知覧町南別府
8952500,カゴシマケン,イサシ,イカニケイサイガナイバアイ,鹿児島県,伊佐市,以下に掲載がない場合
8952504,カゴシマケン,イサシ,オオクチアオキ,鹿児島県,伊佐市,大口青木
8952501,カゴシマケン,イサシ,オオクチウシオ,鹿児島県,伊佐市,大口牛尾
8952522,カゴシマケン,イサシ,オオクチオオシマ,鹿児島県,伊佐市,大口大島
8952507,カゴシマケン,イサシ,オオクチオオタ,鹿児島県,伊佐市,大口大田
8952523,カゴシマケン,イサシ,オオクチカナハダ,鹿児島県,伊佐市,大口金波田
8952513,カゴシマケン,イサシ,オオクチカミマチ,鹿児島県,伊佐市,大口上町
8952528,カゴシマケン,イサシ,オオクチカワイワゼ,鹿児島県,伊佐市,大口川岩瀬
8952502,カゴシマケン,イサシ,オオクチキノウジ,鹿児島県,伊佐市,大口木ノ氏
8952634,カゴシマケン,イサシ,オオクチコガワウチ,鹿児島県,伊佐市,大口小川内
8952631,カゴシマケン,イサシ,オオクチコギハラ,鹿児島県,伊佐市,大口小木原
8952511,カゴシマケン,イサシ,オオクチサト,鹿児島県,伊佐市,大口里
8952503,カゴシマケン,イサシ,オオクチシノハラ,鹿児島県,伊佐市,大口篠原
8952525,カゴシマケン,イサシ,オオクチシモトノ,鹿児島県,伊佐市,大口下殿
8952529,カゴシマケン,イサシ,オオクチシラキ,鹿児島県,伊佐市,大口白木
8952441,カゴシマケン,イサシ,オオクチソギ,鹿児島県,伊佐市,大口曽木
8952527,カゴシマケン,イサシ,オオクチタシロ,鹿児島県,伊佐市,大口田代
8952524,カゴシマケン,イサシ,オオクチドウザキ,鹿児島県,伊佐市,大口堂崎
8952521,カゴシマケン,イサシ,オオクチトリス,鹿児島県,伊佐市,大口鳥巣
8952506,カゴシマケン,イサシ,オオクチハラダ,鹿児島県,伊佐市,大口原田
8952442,カゴシマケン,イサシ,オオクチハリモチ,鹿児島県,伊佐市,大口針持
8952633,カゴシマケン,イサシ,オオクチヒライズミ,鹿児島県,伊佐市,大口平出水
8952632,カゴシマケン,イサシ,オオクチフチベ,鹿児島県,伊佐市,大口渕辺
8952526,カゴシマケン,イサシ,オオクチミヤヒト,鹿児島県,伊佐市,大口宮人
8952505,カゴシマケン,イサシ,オオクチメマル,鹿児島県,伊佐市,大口目丸
8952512,カゴシマケン,イサシ,オオクチモトマチ,鹿児島県,伊佐市,大口元町
8952635,カゴシマケン,イサシ,オオクチヤマノ,鹿児島県,伊佐市,大口山野
8952811,カゴシマケン,イサシ,ヒシカリアラタ,鹿児島県,伊佐市,菱刈荒田
8952704,カゴシマケン,イサシ,ヒシカリイチヤマ,鹿児島県,伊佐市,菱刈市山
8952708,カゴシマケン,イサシ,ヒシカリカワキタ,鹿児島県,伊佐市,菱刈川北
8952812,カゴシマケン,イサシ,ヒシカリカワミナミ,鹿児島県,伊佐市,菱刈川南
8952705,カゴシマケン,イサシ,ヒシカリシゲトメ,鹿児島県,伊佐市,菱刈重留
8952702,カゴシマケン,イサシ,ヒシカリシモデ,鹿児島県,伊佐市,菱刈下手
8952706,カゴシマケン,イサシ,ヒシカリタナカ,鹿児島県,伊佐市,菱刈田中
8952707,カゴシマケン,イサシ,ヒシカリトクベ,鹿児島県,伊佐市,菱刈徳辺
8952703,カゴシマケン,イサシ,ヒシカリハナキタ,鹿児島県,伊佐市,菱刈花北
8952701,カゴシマケン,イサシ,ヒシカリマエメ,鹿児島県,伊佐市,菱刈前目
8952813,カゴシマケン,イサシ,ヒシカリミナミウラ,鹿児島県,伊佐市,菱刈南浦
8995400,カゴシマケン,アイラシ,イカニケイサイガナイバアイ,鹿児島県,姶良市,以下に掲載がない場合
8995653,カゴシマケン,アイラシ,イケジママチ,鹿児島県,姶良市,池島町
8995544,カゴシマケン,アイラシ,オオヤマ,鹿児島県,姶良市,大山
8995213,カゴシマケン,アイラシ,カジキチョウアサヒマチ,鹿児島県,姶良市,加治木町朝日町
8995214,カゴシマケン,アイラシ,カジキチョウカリヤマチ,鹿児島県,姶良市,加治木町仮屋町
8995241,カゴシマケン,アイラシ,カジキチョウキダ,鹿児島県,姶良市,加治木町木田
8995222,カゴシマケン,アイラシ,カジキチョウキンコウマチ,鹿児島県,姶良市,加治木町錦江町
8995203,カゴシマケン,アイラシ,カジキチョウコヤマダ,鹿児島県,姶良市,加治木町小山田
8995223,カゴシマケン,アイラシ,カジキチョウシンセイマチ,鹿児島県,姶良市,加治木町新生町
8995211,カゴシマケン,アイラシ,カジキチョウシントミマチ,鹿児島県,姶良市,加治木町新富町
8995212,カゴシマケン,アイラシ,カジキチョウスワマチ,鹿児島県,姶良市,加治木町諏訪町
8995231,カゴシマケン,アイラシ,カジキチョウタンド,鹿児島県,姶良市,加治木町反土
8995201,カゴシマケン,アイラシ,カジキチョウニシベップ,鹿児島県,姶良市,加治木町西別府
8995204,カゴシマケン,アイラシ,カジキチョウヒキヤマ,鹿児島県,姶良市,加治木町日木山
8995202,カゴシマケン,アイラシ,カジキチョウヘガワ,鹿児島県,姶良市,加治木町辺川
8995221,カゴシマケン,アイラシ,カジキチョウミナトマチ,鹿児島県,姶良市,加治木町港町
8995215,カゴシマケン,アイラシ,カジキチョウモトマチ,鹿児島県,姶良市,加治木町本町
8995542,カゴシマケン,アイラシ,カミミョウ,鹿児島県,姶良市,上名
8995301,カゴシマケン,アイラシ,カモウチョウウルシ,鹿児島県,姶良市,蒲生町漆
8995302,カゴシマケン,アイラシ,カモウチョウカミギュウトク,鹿児島県,姶良市,蒲生町上久徳
8995303,カゴシマケン,アイラシ,カモウチョウキタ,鹿児島県,姶良市,蒲生町北
8995304,カゴシマケン,アイラシ,カモウチョウシモギュウトク,鹿児島県,姶良市,蒲生町下久徳
8995305,カゴシマケン,アイラシ,カモウチョウシラオ,鹿児島県,姶良市,蒲生町白男
8995306,カゴシマケン,アイラシ,カモウチョウニシウラ,鹿児島県,姶良市,蒲生町西浦
8995307,カゴシマケン,アイラシ,カモウチョウヒサスエ,鹿児島県,姶良市,蒲生町久末
8995308,カゴシマケン,アイラシ,カモウチョウヨネマル,鹿児島県,姶良市,蒲生町米丸
8995541,カゴシマケン,アイラシ,キタヤマ,鹿児島県,姶良市,北山
8995545,カゴシマケン,アイラシ,キヅシ,鹿児島県,姶良市,木津志
8995412,カゴシマケン,アイラシ,サンジュッチョウ,鹿児島県,姶良市,三拾町
8995543,カゴシマケン,アイラシ,シモミョウ,鹿児島県,姶良市,下名
8995405,カゴシマケン,アイラシ,スミヨシ,鹿児島県,姶良市,住吉
8995401,カゴシマケン,アイラシ,テラシ,鹿児島県,姶良市,寺師
8995413,カゴシマケン,アイラシ,トヨドメ,鹿児島県,姶良市,豊留
8995654,カゴシマケン,アイラシ,ナガイケマチ,鹿児島県,姶良市,永池町
8995404,カゴシマケン,アイラシ,ナガセ,鹿児島県,姶良市,永瀬
8995402,カゴシマケン,アイラシ,ナカツノ,鹿児島県,姶良市,中津野
8995411,カゴシマケン,アイラシ,ナベクラ,鹿児島県,姶良市,鍋倉
8995656,カゴシマケン,アイラシ,ニシアイラ,鹿児島県,姶良市,西姶良
8995433,カゴシマケン,アイラシ,ニシミヤジママチ,鹿児島県,姶良市,西宮島町
8995431,カゴシマケン,アイラシ,ニシモチダ,鹿児島県,姶良市,西餠田
8995421,カゴシマケン,アイラシ,ヒガシモチダ,鹿児島県,姶良市,東餠田
8995652,カゴシマケン,アイラシ,ヒラマツ,鹿児島県,姶良市,平松
8995414,カゴシマケン,アイラシ,フカミズ,鹿児島県,姶良市,深水
8995655,カゴシマケン,アイラシ,フナツ,鹿児島県,姶良市,船津
8995403,カゴシマケン,アイラシ,マスダ,鹿児島県,姶良市,増田
8995422,カゴシマケン,アイラシ,マツバラマチ,鹿児島県,姶良市,松原町
8995432,カゴシマケン,アイラシ,ミヤジママチ,鹿児島県,姶良市,宮島町
8995651,カゴシマケン,アイラシ,ワキモト,鹿児島県,姶良市,脇元
8900000,カゴシマケン,カゴシマグンミシマムラ,イカニケイサイガナイバアイ,鹿児島県,鹿児島郡三島村,以下に掲載がない場合
8900901,カゴシマケン,カゴシマグンミシマムラ,イオウジマ,鹿児島県,鹿児島郡三島村,硫黄島
8900902,カゴシマケン,カゴシマグンミシマムラ,クロシマ,鹿児島県,鹿児島郡三島村,黒島
8900903,カゴシマケン,カゴシマグンミシマムラ,タケシマ,鹿児島県,鹿児島郡三島村,竹島
8915200,カゴシマケン,カゴシマグントシマムラ,イカニケイサイガナイバアイ,鹿児島県,鹿児島郡十島村,以下に掲載がない場合
8915204,カゴシマケン,カゴシマグントシマムラ,アクセキジマ,鹿児島県,鹿児島郡十島村,悪石島
8915101,カゴシマケン,カゴシマグントシマムラ,クチノシマ,鹿児島県,鹿児島郡十島村,口之島
8915205,カゴシマケン,カゴシマグントシマムラ,コダカラジマ,鹿児島県,鹿児島郡十島村,小宝島
8915203,カゴシマケン,カゴシマグントシマムラ,スワノセジマ,鹿児島県,鹿児島郡十島村,諏訪之瀬島
8915202,カゴシマケン,カゴシマグントシマムラ,タイラジマ,鹿児島県,鹿児島郡十島村,平島
8915301,カゴシマケン,カゴシマグントシマムラ,タカラジマ,鹿児島県,鹿児島郡十島村,宝島
8915201,カゴシマケン,カゴシマグントシマムラ,ナカノシマ,鹿児島県,鹿児島郡十島村,中之島
8951800,カゴシマケン,サツマグンサツマチョウ,イカニケイサイガナイバアイ,鹿児島県,薩摩郡さつま町,以下に掲載がない場合
8951814,カゴシマケン,サツマグンサツマチョウ,アサヒマチ,鹿児島県,薩摩郡さつま町,旭町
8952104,カゴシマケン,サツマグンサツマチョウ,カシワバル,鹿児島県,薩摩郡さつま町,柏原
8952131,カゴシマケン,サツマグンサツマチョウ,クキノ,鹿児島県,薩摩郡さつま町,柊野
8951722,カゴシマケン,サツマグンサツマチョウ,クブキ,鹿児島県,薩摩郡さつま町,久富木
8952201,カゴシマケン,サツマグンサツマチョウ,グミョウ,鹿児島県,薩摩郡さつま町,求名
8952102,カゴシマケン,サツマグンサツマチョウ,コウシ,鹿児島県,薩摩郡さつま町,神子
8952103,カゴシマケン,サツマグンサツマチョウ,シビ,鹿児島県,薩摩郡さつま町,紫尾
8951805,カゴシマケン,サツマグンサツマチョウ,シラオガワ,鹿児島県,薩摩郡さつま町,白男川
8951802,カゴシマケン,サツマグンサツマチョウ,タバル,鹿児島県,薩摩郡さつま町,田原
8952101,カゴシマケン,サツマグンサツマチョウ,ツルダ,鹿児島県,薩摩郡さつま町,鶴田
8951816,カゴシマケン,サツマグンサツマチョウ,トキヨシ,鹿児島県,薩摩郡さつま町,時吉
8951813,カゴシマケン,サツマグンサツマチョウ,トドロマチ,鹿児島県,薩摩郡さつま町,轟町
8951806,カゴシマケン,サツマグンサツマチョウ,トマリノ,鹿児島県,薩摩郡さつま町,泊野
8951811,カゴシマケン,サツマグンサツマチョウ,トライ,鹿児島県,薩摩郡さつま町,虎居
8951812,カゴシマケン,サツマグンサツマチョウ,トライマチ,鹿児島県,薩摩郡さつま町,虎居町
8952202,カゴシマケン,サツマグンサツマチョウ,ナカツガワ,鹿児島県,薩摩郡さつま町,中津川
8952203,カゴシマケン,サツマグンサツマチョウ,ナガノ,鹿児島県,薩摩郡さつま町,永野
8951815,カゴシマケン,サツマグンサツマチョウ,ニシシンマチ,鹿児島県,薩摩郡さつま町,西新町
8951807,カゴシマケン,サツマグンサツマチョウ,ヒラカワ,鹿児島県,薩摩郡さつま町,平川
8951801,カゴシマケン,サツマグンサツマチョウ,ヒロセ,鹿児島県,薩摩郡さつま町,広瀬
8951723,カゴシマケン,サツマグンサツマチョウ,フタワタリ,鹿児島県,薩摩郡さつま町,二渡
8951804,カゴシマケン,サツマグンサツマチョウ,フナキ,鹿児島県,薩摩郡さつま町,船木
8951803,カゴシマケン,サツマグンサツマチョウ,ミヤノジョウヤチ,鹿児島県,薩摩郡さつま町,宮之城屋地
8951721,カゴシマケン,サツマグンサツマチョウ,ヤマサキ,鹿児島県,薩摩郡さつま町,山崎
8951817,カゴシマケン,サツマグンサツマチョウ,ユダ,鹿児島県,薩摩郡さつま町,湯田
8991400,カゴシマケン,イズミグンナガシマチョウ,イカニケイサイガナイバアイ,鹿児島県,出水郡長島町,以下に掲載がない場合
8991402,カゴシマケン,イズミグンナガシマチョウ,ウラソコ,鹿児島県,出水郡長島町,浦底
8991212,カゴシマケン,イズミグンナガシマチョウ,カワトコ,鹿児島県,出水郡長島町,川床
8991301,カゴシマケン,イズミグンナガシマチョウ,クラノモト,鹿児島県,出水郡長島町,蔵之元
8991303,カゴシマケン,イズミグンナガシマチョウ,サスエ,鹿児島県,出水郡長島町,指江
8991501,カゴシマケン,イズミグンナガシマチョウ,シシジマ,鹿児島県,出水郡長島町,獅子島
8991321,カゴシマケン,イズミグンナガシマチョウ,シモヤマドノ,鹿児島県,出水郡長島町,下山門野
8991304,カゴシマケン,イズミグンナガシマチョウ,ジョウカワウチ,鹿児島県,出水郡長島町,城川内
8991403,カゴシマケン,イズミグンナガシマチョウ,ショウラ,鹿児島県,出水郡長島町,諸浦
8991401,カゴシマケン,イズミグンナガシマチョウ,タカノス,鹿児島県,出水郡長島町,鷹巣
8991302,カゴシマケン,イズミグンナガシマチョウ,ヒラオ,鹿児島県,出水郡長島町,平尾
8991211,カゴシマケン,イズミグンナガシマチョウ,ヤマドノ,鹿児島県,出水郡長島町,山門野
8996200,カゴシマケン,アイラグンユウスイチョウ,イカニケイサイガナイバアイ,鹿児島県,姶良郡湧水町,以下に掲載がない場合
8996204,カゴシマケン,アイラグンユウスイチョウ,イナバサキ,鹿児島県,姶良郡湧水町,稲葉崎
8996103,カゴシマケン,アイラグンユウスイチョウ,カワソエ,鹿児島県,姶良郡湧水町,川添
8996104,カゴシマケン,アイラグンユウスイチョウ,カワニシ,鹿児島県,姶良郡湧水町,川西
8996202,カゴシマケン,アイラグンユウスイチョウ,キタカタ,鹿児島県,姶良郡湧水町,北方
8996205,カゴシマケン,アイラグンユウスイチョウ,コウダ,鹿児島県,姶良郡湧水町,幸田
8996201,カゴシマケン,アイラグンユウスイチョウ,コバ,鹿児島県,姶良郡湧水町,木場
8996203,カゴシマケン,アイラグンユウスイチョウ,タオバル,鹿児島県,姶良郡湧水町,田尾原
8996206,カゴシマケン,アイラグンユウスイチョウ,ツネツグ,鹿児島県,姶良郡湧水町,恒次
8996101,カゴシマケン,アイラグンユウスイチョウ,ツルマル,鹿児島県,姶良郡湧水町,鶴丸
8996102,カゴシマケン,アイラグンユウスイチョウ,ナカツガワ,鹿児島県,姶良郡湧水町,中津川
8996105,カゴシマケン,アイラグンユウスイチョウ,ハンニャジ,鹿児島県,姶良郡湧水町,般若寺
8996207,カゴシマケン,アイラグンユウスイチョウ,ヨネナガ,鹿児島県,姶良郡湧水町,米永
8997300,カゴシマケン,ソオグンオオサキチョウ,イカニケイサイガナイバアイ,鹿児島県,曽於郡大崎町,以下に掲載がない場合
8997309,カゴシマケン,ソオグンオオサキチョウ,イマタ,鹿児島県,曽於郡大崎町,井俣
8997308,カゴシマケン,ソオグンオオサキチョウ,オカベップ,鹿児島県,曽於郡大崎町,岡別府
8997305,カゴシマケン,ソオグンオオサキチョウ,カリジュク,鹿児島県,曽於郡大崎町,假宿
8997302,カゴシマケン,ソオグンオオサキチョウ,ジンリョウ,鹿児島県,曽於郡大崎町,神領
8997306,カゴシマケン,ソオグンオオサキチョウ,ナガヨシ,鹿児島県,曽於郡大崎町,永吉
8998313,カゴシマケン,ソオグンオオサキチョウ,ノガタ,鹿児島県,曽於郡大崎町,野方
8997301,カゴシマケン,ソオグンオオサキチョウ,ヒシダ,鹿児島県,曽於郡大崎町,菱田
8997303,カゴシマケン,ソオグンオオサキチョウ,マスマル,鹿児島県,曽於郡大崎町,益丸
8997307,カゴシマケン,ソオグンオオサキチョウ,モチドメ,鹿児島県,曽於郡大崎町,持留
8997304,カゴシマケン,ソオグンオオサキチョウ,ヨコセ,鹿児島県,曽於郡大崎町,横瀬
8931600,カゴシマケン,キモツキグンヒガシクシラチョウ,イカニケイサイガナイバアイ,鹿児島県,肝属郡東串良町,以下に掲載がない場合
8931612,カゴシマケン,キモツキグンヒガシクシラチョウ,イケノハラ,鹿児島県,肝属郡東串良町,池之原
8931611,カゴシマケン,キモツキグンヒガシクシラチョウ,イワヒロ,鹿児島県,肝属郡東串良町,岩弘
8931615,カゴシマケン,キモツキグンヒガシクシラチョウ,カワヒガシ,鹿児島県,肝属郡東串良町,川東
8931613,カゴシマケン,キモツキグンヒガシクシラチョウ,カワニシ,鹿児島県,肝属郡東串良町,川西
8931614,カゴシマケン,キモツキグンヒガシクシラチョウ,シンカワニシ,鹿児島県,肝属郡東串良町,新川西
8932300,カゴシマケン,キモツキグンキンコウチョウ,イカニケイサイガナイバアイ,鹿児島県,肝属郡錦江町,以下に掲載がない場合
8932301,カゴシマケン,キモツキグンキンコウチョウ,カミカワ,鹿児島県,肝属郡錦江町,神川
8932302,カゴシマケン,キモツキグンキンコウチョウ,シロモト,鹿児島県,肝属郡錦江町,城元
8932402,カゴシマケン,キモツキグンキンコウチョウ,タシロカワハラ,鹿児島県,肝属郡錦江町,田代川原
8932401,カゴシマケン,キモツキグンキンコウチョウ,タシロフモト,鹿児島県,肝属郡錦江町,田代麓
8932303,カゴシマケン,キモツキグンキンコウチョウ,ババ,鹿児島県,肝属郡錦江町,馬場
8932500,カゴシマケン,キモツキグンミナミオオスミチョウ,イカニケイサイガナイバアイ,鹿児島県,肝属郡南大隅町,以下に掲載がない場合
8932601,カゴシマケン,キモツキグンミナミオオスミチョウ,サタイザシキ,鹿児島県,肝属郡南大隅町,佐多伊座敷
8932603,カゴシマケン,キモツキグンミナミオオスミチョウ,サタコオリ,鹿児島県,肝属郡南大隅町,佐多郡
8932602,カゴシマケン,キモツキグンミナミオオスミチョウ,サタヘツカ,鹿児島県,肝属郡南大隅町,佐多辺塚
8932604,カゴシマケン,キモツキグンミナミオオスミチョウ,サタマゴメ,鹿児島県,肝属郡南大隅町,佐多馬籠
8932501,カゴシマケン,キモツキグンミナミオオスミチョウ,ネジメカワキタ,鹿児島県,肝属郡南大隅町,根占川北
8932502,カゴシマケン,キモツキグンミナミオオスミチョウ,ネジメカワミナミ,鹿児島県,肝属郡南大隅町,根占川南
8932505,カゴシマケン,キモツキグンミナミオオスミチョウ,ネジメヘタ,鹿児島県,肝属郡南大隅町,根占辺田
8932504,カゴシマケン,キモツキグンミナミオオスミチョウ,ネジメヤマモト,鹿児島県,肝属郡南大隅町,根占山本
8932503,カゴシマケン,キモツキグンミナミオオスミチョウ,ネジメヨコベップ,鹿児島県,肝属郡南大隅町,根占横別府
8931200,カゴシマケン,キモツキグンキモツキチョウ,イカニケイサイガナイバアイ,鹿児島県,肝属郡肝付町,以下に掲載がない場合
8931203,カゴシマケン,キモツキグンキモツキチョウ,ウシロダ,鹿児島県,肝属郡肝付町,後田
8931511,カゴシマケン,キモツキグンキモツキチョウ,キシラ,鹿児島県,肝属郡肝付町,岸良
8931401,カゴシマケン,キモツキグンキモツキチョウ,キタカタ,鹿児島県,肝属郡肝付町,北方
8931204,カゴシマケン,キモツキグンキモツキチョウ,トミヤマ,鹿児島県,肝属郡肝付町,富山
8931207,カゴシマケン,キモツキグンキモツキチョウ,ニイトミ,鹿児島県,肝属郡肝付町,新富
8931201,カゴシマケン,キモツキグンキモツキチョウ,ノサキ,鹿児島県,肝属郡肝付町,野崎
8931202,カゴシマケン,キモツキグンキモツキチョウ,ハミ,鹿児島県,肝属郡肝付町,波見
8931206,カゴシマケン,キモツキグンキモツキチョウ,マエダ,鹿児島県,肝属郡肝付町,前田
8931402,カゴシマケン,キモツキグンキモツキチョウ,ミナミカタ,鹿児島県,肝属郡肝付町,南方
8931205,カゴシマケン,キモツキグンキモツキチョウ,ミヤゲ,鹿児島県,肝属郡肝付町,宮下
8913600,カゴシマケン,クマゲグンナカタネチョウ,イカニケイサイガナイバアイ,鹿児島県,熊毛郡中種子町,以下に掲載がない場合
8913606,カゴシマケン,クマゲグンナカタネチョウ,サカイ,鹿児島県,熊毛郡中種子町,坂井
8913607,カゴシマケン,クマゲグンナカタネチョウ,タシマ,鹿児島県,熊毛郡中種子町,田島
8913601,カゴシマケン,クマゲグンナカタネチョウ,ノウカン,鹿児島県,熊毛郡中種子町,納官
8913604,カゴシマケン,クマゲグンナカタネチョウ,ノマ,鹿児島県,熊毛郡中種子町,野間
8913602,カゴシマケン,クマゲグンナカタネチョウ,マキガワ,鹿児島県,熊毛郡中種子町,牧川
8913603,カゴシマケン,クマゲグンナカタネチョウ,マスダ,鹿児島県,熊毛郡中種子町,増田
8913605,カゴシマケン,クマゲグンナカタネチョウ,ユク,鹿児島県,熊毛郡中種子町,油久
8913700,カゴシマケン,クマゲグンミナミタネチョウ,イカニケイサイガナイバアイ,鹿児島県,熊毛郡南種子町,以下に掲載がない場合
8913703,カゴシマケン,クマゲグンミナミタネチョウ,クキナガ,鹿児島県,熊毛郡南種子町,茎永
8913706,カゴシマケン,クマゲグンミナミタネチョウ,シママ,鹿児島県,熊毛郡南種子町,島間
8913701,カゴシマケン,クマゲグンミナミタネチョウ,ナカノカミ,鹿児島県,熊毛郡南種子町,中之上
8913704,カゴシマケン,クマゲグンミナミタネチョウ,ナカノシモ,鹿児島県,熊毛郡南種子町,中之下
8913705,カゴシマケン,クマゲグンミナミタネチョウ,ニシノ,鹿児島県,熊毛郡南種子町,西之
8913702,カゴシマケン,クマゲグンミナミタネチョウ,ヒラヤマ,鹿児島県,熊毛郡南種子町,平山
8914200,カゴシマケン,クマゲグンヤクシマチョウ,イカニケイサイガナイバアイ,鹿児島県,熊毛郡屋久島町,以下に掲載がない場合
8914311,カゴシマケン,クマゲグンヤクシマチョウ,アンボウ,鹿児島県,熊毛郡屋久島町,安房
8914203,カゴシマケン,クマゲグンヤクシマチョウ,イッソウ,鹿児島県,熊毛郡屋久島町,一湊
8914404,カゴシマケン,クマゲグンヤクシマチョウ,オノアイダ,鹿児島県,熊毛郡屋久島町,尾之間
8914206,カゴシマケン,クマゲグンヤクシマチョウ,クスガワ,鹿児島県,熊毛郡屋久島町,楠川
8914208,カゴシマケン,クマゲグンヤクシマチョウ,クチエラブジマ,鹿児島県,熊毛郡屋久島町,口永良部島
8914409,カゴシマケン,クマゲグンヤクシマチョウ,クリオ,鹿児島県,熊毛郡屋久島町,栗生
8914405,カゴシマケン,クマゲグンヤクシマチョウ,コシマ,鹿児島県,熊毛郡屋久島町,小島
8914207,カゴシマケン,クマゲグンヤクシマチョウ,コセダ,鹿児島県,熊毛郡屋久島町,小瀬田
8914204,カゴシマケン,クマゲグンヤクシマチョウ,シトゴ,鹿児島県,熊毛郡屋久島町,志戸子
8914201,カゴシマケン,クマゲグンヤクシマチョウ,ナガタ,鹿児島県,熊毛郡屋久島町,永田
8914408,カゴシマケン,クマゲグンヤクシマチョウ,ナカマ,鹿児島県,熊毛郡屋久島町,中間
8914403,カゴシマケン,クマゲグンヤクシマチョウ,ハラ,鹿児島県,熊毛郡屋久島町,原
8914406,カゴシマケン,クマゲグンヤクシマチョウ,ヒラウチ,鹿児島県,熊毛郡屋久島町,平内
8914312,カゴシマケン,クマゲグンヤクシマチョウ,フナユキ,鹿児島県,熊毛郡屋久島町,船行
8914205,カゴシマケン,クマゲグンヤクシマチョウ,ミヤノウラ,鹿児島県,熊毛郡屋久島町,宮之浦
8914401,カゴシマケン,クマゲグンヤクシマチョウ,ムギオ(タカビラ),鹿児島県,熊毛郡屋久島町,麦生（高平）
8914402,カゴシマケン,クマゲグンヤクシマチョウ,ムギオ(ソノタ),鹿児島県,熊毛郡屋久島町,麦生（その他）
8914407,カゴシマケン,クマゲグンヤクシマチョウ,ユドマリ,鹿児島県,熊毛郡屋久島町,湯泊
8914202,カゴシマケン,クマゲグンヤクシマチョウ,ヨシダ,鹿児島県,熊毛郡屋久島町,吉田
8943100,カゴシマケン,オオシマグンヤマトソン,イカニケイサイガナイバアイ,鹿児島県,大島郡大和村,以下に掲載がない場合
8943214,カゴシマケン,オオシマグンヤマトソン,イマザト,鹿児島県,大島郡大和村,今里
8943107,カゴシマケン,オオシマグンヤマトソン,オオガネク,鹿児島県,大島郡大和村,大金久
8943106,カゴシマケン,オオシマグンヤマトソン,オオダナ,鹿児島県,大島郡大和村,大棚
8943104,カゴシマケン,オオシマグンヤマトソン,オンガチ,鹿児島県,大島郡大和村,思勝
8943101,カゴシマケン,オオシマグンヤマトソン,クニナオ,鹿児島県,大島郡大和村,国直
8943213,カゴシマケン,オオシマグンヤマトソン,シドカン,鹿児島県,大島郡大和村,志戸勘
8943103,カゴシマケン,オオシマグンヤマトソン,ツナグ,鹿児島県,大島郡大和村,津名久
8943211,カゴシマケン,オオシマグンヤマトソン,トエン,鹿児島県,大島郡大和村,戸円
8943212,カゴシマケン,オオシマグンヤマトソン,ナオン,鹿児島県,大島郡大和村,名音
8943105,カゴシマケン,オオシマグンヤマトソン,ヤマトハマ,鹿児島県,大島郡大和村,大和浜
8943102,カゴシマケン,オオシマグンヤマトソン,ユワンガマ,鹿児島県,大島郡大和村,湯湾釜
8943300,カゴシマケン,オオシマグンウケンソン,イカニケイサイガナイバアイ,鹿児島県,大島郡宇検村,以下に掲載がない場合
8943302,カゴシマケン,オオシマグンウケンソン,アシケン,鹿児島県,大島郡宇検村,芦検
8943632,カゴシマケン,オオシマグンウケンソン,アムロ,鹿児島県,大島郡宇検村,阿室
8943413,カゴシマケン,オオシマグンウケンソン,イケガチ,鹿児島県,大島郡宇検村,生勝
8943305,カゴシマケン,オオシマグンウケンソン,イシラ,鹿児島県,大島郡宇検村,石良
8943411,カゴシマケン,オオシマグンウケンソン,ウケン,鹿児島県,大島郡宇検村,宇検
8943412,カゴシマケン,オオシマグンウケンソン,クシ,鹿児島県,大島郡宇検村,久志
8943522,カゴシマケン,オオシマグンウケンソン,サネン,鹿児島県,大島郡宇検村,佐念
8943304,カゴシマケン,オオシマグンウケンソン,スコ,鹿児島県,大島郡宇検村,須古
8943303,カゴシマケン,オオシマグンウケンソン,タケン,鹿児島県,大島郡宇検村,田検
8943521,カゴシマケン,オオシマグンウケンソン,ナガラ,鹿児島県,大島郡宇検村,名柄
8943523,カゴシマケン,オオシマグンウケンソン,ブレン,鹿児島県,大島郡宇検村,部連
8943631,カゴシマケン,オオシマグンウケンソン,ヘダ,鹿児島県,大島郡宇検村,平田
8943633,カゴシマケン,オオシマグンウケンソン,ヤドン,鹿児島県,大島郡宇検村,屋鈍
8943301,カゴシマケン,オオシマグンウケンソン,ユワン,鹿児島県,大島郡宇検村,湯湾
8941500,カゴシマケン,オオシマグンセトウチチョウ,イカニケイサイガナイバアイ,鹿児島県,大島郡瀬戸内町,以下に掲載がない場合
8942234,カゴシマケン,オオシマグンセトウチチョウ,アキトク,鹿児島県,大島郡瀬戸内町,秋徳
8941511,カゴシマケン,オオシマグンセトウチチョウ,アギナ,鹿児島県,大島郡瀬戸内町,阿木名
8942411,カゴシマケン,オオシマグンセトウチチョウ,アダチ,鹿児島県,大島郡瀬戸内町,阿多地
8941744,カゴシマケン,オオシマグンセトウチチョウ,アテツ,鹿児島県,大島郡瀬戸内町,阿鉄
8941513,カゴシマケン,オオシマグンセトウチチョウ,アミノコ,鹿児島県,大島郡瀬戸内町,網野子
8941742,カゴシマケン,オオシマグンセトウチチョウ,アムロガマ,鹿児島県,大島郡瀬戸内町,阿室釜
8942501,カゴシマケン,オオシマグンセトウチチョウ,イケジ,鹿児島県,大島郡瀬戸内町,池地
8942142,カゴシマケン,オオシマグンセトウチチョウ,イケンマ,鹿児島県,大島郡瀬戸内町,生間
8942236,カゴシマケン,オオシマグンセトウチチョウ,イコモ,鹿児島県,大島郡瀬戸内町,伊子茂
8941524,カゴシマケン,オオシマグンセトウチチョウ,イス,鹿児島県,大島郡瀬戸内町,伊須
8942502,カゴシマケン,オオシマグンセトウチチョウ,ウケアムロ,鹿児島県,大島郡瀬戸内町,請阿室
8942235,カゴシマケン,オオシマグンセトウチチョウ,オサイ,鹿児島県,大島郡瀬戸内町,於斉
8942231,カゴシマケン,オオシマグンセトウチチョウ,オシカク,鹿児島県,大島郡瀬戸内町,押角
8941512,カゴシマケン,オオシマグンセトウチチョウ,カチウラ,鹿児島県,大島郡瀬戸内町,勝浦
8942232,カゴシマケン,オオシマグンセトウチチョウ,カチユキ,鹿児島県,大島郡瀬戸内町,勝能
8941522,カゴシマケン,オオシマグンセトウチチョウ,カテツ,鹿児島県,大島郡瀬戸内町,嘉鉄
8941515,カゴシマケン,オオシマグンセトウチチョウ,カトク,鹿児島県,大島郡瀬戸内町,嘉徳
8942413,カゴシマケン,オオシマグンセトウチチョウ,カニュウ,鹿児島県,大島郡瀬戸内町,嘉入
8942417,カゴシマケン,オオシマグンセトウチチョウ,キジ,鹿児島県,大島郡瀬戸内町,木慈
8941851,カゴシマケン,オオシマグンセトウチチョウ,クジ,鹿児島県,大島郡瀬戸内町,久慈
8941854,カゴシマケン,オオシマグンセトウチチョウ,クダドン,鹿児島県,大島郡瀬戸内町,管鈍
8941746,カゴシマケン,オオシマグンセトウチチョウ,クネツ,鹿児島県,大島郡瀬戸内町,久根津
8941853,カゴシマケン,オオシマグンセトウチチョウ,ケテン,鹿児島県,大島郡瀬戸内町,花天
8942237,カゴシマケン,オオシマグンセトウチチョウ,ケドミ,鹿児島県,大島郡瀬戸内町,花富
8941852,カゴシマケン,オオシマグンセトウチチョウ,コシ,鹿児島県,大島郡瀬戸内町,古志
8941743,カゴシマケン,オオシマグンセトウチチョウ,コナセ,鹿児島県,大島郡瀬戸内町,小名瀬
8941508,カゴシマケン,オオシマグンセトウチチョウ,コニヤ,鹿児島県,大島郡瀬戸内町,古仁屋
8941503,カゴシマケン,オオシマグンセトウチチョウ,コニヤ(オオミナト),鹿児島県,大島郡瀬戸内町,古仁屋（大湊）
8941504,カゴシマケン,オオシマグンセトウチチョウ,コニヤ(カスガ),鹿児島県,大島郡瀬戸内町,古仁屋（春日）
8941507,カゴシマケン,オオシマグンセトウチチョウ,コニヤ(セクイ),鹿児島県,大島郡瀬戸内町,古仁屋（瀬久井）
8941501,カゴシマケン,オオシマグンセトウチチョウ,コニヤ(タカオカ),鹿児島県,大島郡瀬戸内町,古仁屋（高丘）
8941506,カゴシマケン,オオシマグンセトウチチョウ,コニヤ(フナツ),鹿児島県,大島郡瀬戸内町,古仁屋（船津）
8941505,カゴシマケン,オオシマグンセトウチチョウ,コニヤ(マツエ),鹿児島県,大島郡瀬戸内町,古仁屋（松江）
8941502,カゴシマケン,オオシマグンセトウチチョウ,コニヤ(ミヤマエ),鹿児島県,大島郡瀬戸内町,古仁屋（宮前）
8941510,カゴシマケン,オオシマグンセトウチチョウ,コニヤセクイニシ,鹿児島県,大島郡瀬戸内町,古仁屋瀬久井西
8941509,カゴシマケン,オオシマグンセトウチチョウ,コニヤセクイヒガシ,鹿児島県,大島郡瀬戸内町,古仁屋瀬久井東
8942402,カゴシマケン,オオシマグンセトウチチョウ,サツカワ,鹿児島県,大島郡瀬戸内町,薩川
8942403,カゴシマケン,オオシマグンセトウチチョウ,サネク,鹿児島県,大島郡瀬戸内町,実久
8941741,カゴシマケン,オオシマグンセトウチチョウ,シノカワ,鹿児島県,大島郡瀬戸内町,篠川
8942404,カゴシマケン,オオシマグンセトウチチョウ,シバ,鹿児島県,大島郡瀬戸内町,芝
8942144,カゴシマケン,オオシマグンセトウチチョウ,ショカズ,鹿児島県,大島郡瀬戸内町,諸数
8942141,カゴシマケン,オオシマグンセトウチチョウ,ショドン,鹿児島県,大島郡瀬戸内町,諸鈍
8942412,カゴシマケン,オオシマグンセトウチチョウ,スコモ,鹿児島県,大島郡瀬戸内町,須子茂
8941521,カゴシマケン,オオシマグンセトウチチョウ,セイスイ,鹿児島県,大島郡瀬戸内町,清水
8942322,カゴシマケン,オオシマグンセトウチチョウ,セソウ,鹿児島県,大島郡瀬戸内町,瀬相
8942401,カゴシマケン,オオシマグンセトウチチョウ,セタケ,鹿児島県,大島郡瀬戸内町,瀬武
8941514,カゴシマケン,オオシマグンセトウチチョウ,セッコ,鹿児島県,大島郡瀬戸内町,節子
8941523,カゴシマケン,オオシマグンセトウチチョウ,ソカル,鹿児島県,大島郡瀬戸内町,蘇刈
8942416,カゴシマケン,オオシマグンセトウチチョウ,タケナ,鹿児島県,大島郡瀬戸内町,武名
8942415,カゴシマケン,オオシマグンセトウチチョウ,チノウラ,鹿児島県,大島郡瀬戸内町,知之浦
8941531,カゴシマケン,オオシマグンセトウチチョウ,テアン,鹿児島県,大島郡瀬戸内町,手安
8942143,カゴシマケン,オオシマグンセトウチチョウ,ドレン,鹿児島県,大島郡瀬戸内町,渡連
8942321,カゴシマケン,オオシマグンセトウチチョウ,ニシアムロ,鹿児島県,大島郡瀬戸内町,西阿室
8941855,カゴシマケン,オオシマグンセトウチチョウ,ニシコミ,鹿児島県,大島郡瀬戸内町,西古見
8942233,カゴシマケン,オオシマグンセトウチチョウ,ノミヤマ,鹿児島県,大島郡瀬戸内町,野見山
8942323,カゴシマケン,オオシマグンセトウチチョウ,ヒョウ,鹿児島県,大島郡瀬戸内町,俵
8942414,カゴシマケン,オオシマグンセトウチチョウ,ミウラ,鹿児島県,大島郡瀬戸内町,三浦
8941745,カゴシマケン,オオシマグンセトウチチョウ,ユイ,鹿児島県,大島郡瀬戸内町,油井
8942601,カゴシマケン,オオシマグンセトウチチョウ,ヨロ,鹿児島県,大島郡瀬戸内町,与路
8940100,カゴシマケン,オオシマグンタツゴウチョウ,イカニケイサイガナイバアイ,鹿児島県,大島郡龍郷町,以下に掲載がない場合
8940411,カゴシマケン,オオシマグンタツゴウチョウ,アカオギ,鹿児島県,大島郡龍郷町,赤尾木
8940333,カゴシマケン,オオシマグンタツゴウチョウ,アキナ,鹿児島県,大島郡龍郷町,秋名
8940412,カゴシマケン,オオシマグンタツゴウチョウ,アシトク,鹿児島県,大島郡龍郷町,芦徳
8940323,カゴシマケン,オオシマグンタツゴウチョウ,アンキヤバ,鹿児島県,大島郡龍郷町,安木屋場
8940332,カゴシマケン,オオシマグンタツゴウチョウ,イクサト,鹿児島県,大島郡龍郷町,幾里
8940104,カゴシマケン,オオシマグンタツゴウチョウ,ウラ,鹿児島県,大島郡龍郷町,浦
8940324,カゴシマケン,オオシマグンタツゴウチョウ,エン,鹿児島県,大島郡龍郷町,円
8940105,カゴシマケン,オオシマグンタツゴウチョウ,オオガチ,鹿児島県,大島郡龍郷町,大勝
8940331,カゴシマケン,オオシマグンタツゴウチョウ,カド,鹿児島県,大島郡龍郷町,嘉渡
8940322,カゴシマケン,オオシマグンタツゴウチョウ,クバ,鹿児島県,大島郡龍郷町,久場
8940102,カゴシマケン,オオシマグンタツゴウチョウ,セドメ,鹿児島県,大島郡龍郷町,瀬留
8940321,カゴシマケン,オオシマグンタツゴウチョウ,タツゴウ,鹿児島県,大島郡龍郷町,龍郷
8940103,カゴシマケン,オオシマグンタツゴウチョウ,タマザト,鹿児島県,大島郡龍郷町,玉里
8940107,カゴシマケン,オオシマグンタツゴウチョウ,トグチ,鹿児島県,大島郡龍郷町,戸口
8940106,カゴシマケン,オオシマグンタツゴウチョウ,ナカガチ,鹿児島県,大島郡龍郷町,中勝
8940101,カゴシマケン,オオシマグンタツゴウチョウ,ヤニュウ,鹿児島県,大島郡龍郷町,屋入
8916200,カゴシマケン,オオシマグンキカイチョウ,イカニケイサイガナイバアイ,鹿児島県,大島郡喜界町,以下に掲載がない場合
8916201,カゴシマケン,オオシマグンキカイチョウ,アカレン,鹿児島県,大島郡喜界町,赤連
8916162,カゴシマケン,オオシマグンキカイチョウ,アデン,鹿児島県,大島郡喜界町,阿伝
8916231,カゴシマケン,オオシマグンキカイチョウ,アラキ,鹿児島県,大島郡喜界町,荒木
8916221,カゴシマケン,オオシマグンキカイチョウ,イケジ,鹿児島県,大島郡喜界町,池治
8916217,カゴシマケン,オオシマグンキカイチョウ,イサゴ,鹿児島県,大島郡喜界町,伊砂
8916141,カゴシマケン,オオシマグンキカイチョウ,イサネク,鹿児島県,大島郡喜界町,伊実久
8916228,カゴシマケン,オオシマグンキカイチョウ,ウラハラ,鹿児島県,大島郡喜界町,浦原
8916213,カゴシマケン,オオシマグンキカイチョウ,オオアサト,鹿児島県,大島郡喜界町,大朝戸
8916142,カゴシマケン,オオシマグンキカイチョウ,オノツ,鹿児島県,大島郡喜界町,小野津
8916161,カゴシマケン,オオシマグンキカイチョウ,カドン,鹿児島県,大島郡喜界町,嘉鈍
8916233,カゴシマケン,オオシマグンキカイチョウ,カミカテツ,鹿児島県,大島郡喜界町,上嘉鉄
8916227,カゴシマケン,オオシマグンキカイチョウ,カワミネ,鹿児島県,大島郡喜界町,川嶺
8916224,カゴシマケン,オオシマグンキカイチョウ,グスク,鹿児島県,大島郡喜界町,城久
8916164,カゴシマケン,オオシマグンキカイチョウ,ケラジ,鹿児島県,大島郡喜界町,花良治
8916163,カゴシマケン,オオシマグンキカイチョウ,ケラジ(ガモウ),鹿児島県,大島郡喜界町,花良治（蒲生）
8916216,カゴシマケン,オオシマグンキカイチョウ,サカミネ,鹿児島県,大島郡喜界町,坂嶺
8916229,カゴシマケン,オオシマグンキカイチョウ,サキヤマ,鹿児島県,大島郡喜界町,先山
8916144,カゴシマケン,オオシマグンキカイチョウ,サデク,鹿児島県,大島郡喜界町,佐手久
8916151,カゴシマケン,オオシマグンキカイチョウ,シオミチ,鹿児島県,大島郡喜界町,塩道
8916143,カゴシマケン,オオシマグンキカイチョウ,シトオケ,鹿児島県,大島郡喜界町,志戸桶
8916222,カゴシマケン,オオシマグンキカイチョウ,シマナカ,鹿児島県,大島郡喜界町,島中
8916154,カゴシマケン,オオシマグンキカイチョウ,シラミズ,鹿児島県,大島郡喜界町,白水
8916152,カゴシマケン,オオシマグンキカイチョウ,ソウマチ,鹿児島県,大島郡喜界町,早町
8916223,カゴシマケン,オオシマグンキカイチョウ,タキガワ,鹿児島県,大島郡喜界町,滝川
8916232,カゴシマケン,オオシマグンキカイチョウ,テクヅク,鹿児島県,大島郡喜界町,手久津久
8916215,カゴシマケン,オオシマグンキカイチョウ,ナカグマ,鹿児島県,大島郡喜界町,中熊
8916212,カゴシマケン,オオシマグンキカイチョウ,ナカグマ(サキナイ),鹿児島県,大島郡喜界町,中熊（先内）
8916203,カゴシマケン,オオシマグンキカイチョウ,ナカサト,鹿児島県,大島郡喜界町,中里
8916211,カゴシマケン,オオシマグンキカイチョウ,ナカマ,鹿児島県,大島郡喜界町,中間
8916153,カゴシマケン,オオシマグンキカイチョウ,ナガミネ,鹿児島県,大島郡喜界町,長嶺
8916214,カゴシマケン,オオシマグンキカイチョウ,ニシメ,鹿児島県,大島郡喜界町,西目
8916226,カゴシマケン,オオシマグンキカイチョウ,ハサト,鹿児島県,大島郡喜界町,羽里
8916225,カゴシマケン,オオシマグンキカイチョウ,ヤマダ,鹿児島県,大島郡喜界町,山田
8916202,カゴシマケン,オオシマグンキカイチョウ,ワン,鹿児島県,大島郡喜界町,湾
8917100,カゴシマケン,オオシマグントクノシマチョウ,イカニケイサイガナイバアイ,鹿児島県,大島郡徳之島町,以下に掲載がない場合
8917116,カゴシマケン,オオシマグントクノシマチョウ,アサヒガオカ,鹿児島県,大島郡徳之島町,旭ケ丘
8917114,カゴシマケン,オオシマグントクノシマチョウ,イノカワ,鹿児島県,大島郡徳之島町,井之川
8917104,カゴシマケン,オオシマグントクノシマチョウ,オモ,鹿児島県,大島郡徳之島町,尾母
8917422,カゴシマケン,オオシマグントクノシマチョウ,カナミ,鹿児島県,大島郡徳之島町,金見
8917113,カゴシマケン,オオシマグントクノシマチョウ,カミノミネ,鹿児島県,大島郡徳之島町,神之嶺
8917101,カゴシマケン,オオシマグントクノシマチョウ,カメツ,鹿児島県,大島郡徳之島町,亀津
8917102,カゴシマケン,オオシマグントクノシマチョウ,カメトク,鹿児島県,大島郡徳之島町,亀徳
8917425,カゴシマケン,オオシマグントクノシマチョウ,ケドク,鹿児島県,大島郡徳之島町,花徳
8917423,カゴシマケン,オオシマグントクノシマチョウ,サン,鹿児島県,大島郡徳之島町,山
8917115,カゴシマケン,オオシマグントクノシマチョウ,シモクシ,鹿児島県,大島郡徳之島町,下久志
8917112,カゴシマケン,オオシマグントクノシマチョウ,ショダ,鹿児島県,大島郡徳之島町,諸田
8917105,カゴシマケン,オオシマグントクノシマチョウ,シライ,鹿児島県,大島郡徳之島町,白井
8917421,カゴシマケン,オオシマグントクノシマチョウ,テテ,鹿児島県,大島郡徳之島町,手々
8917111,カゴシマケン,オオシマグントクノシマチョウ,トクワセ,鹿児島県,大島郡徳之島町,徳和瀬
8917424,カゴシマケン,オオシマグントクノシマチョウ,トドロキ,鹿児島県,大島郡徳之島町,轟木
8917426,カゴシマケン,オオシマグントクノシマチョウ,ボマ,鹿児島県,大島郡徳之島町,母間
8917103,カゴシマケン,オオシマグントクノシマチョウ,ミナミハラ,鹿児島県,大島郡徳之島町,南原
8917600,カゴシマケン,オオシマグンアマギチョウ,イカニケイサイガナイバアイ,鹿児島県,大島郡天城町,以下に掲載がない場合
8917605,カゴシマケン,オオシマグンアマギチョウ,アサマ,鹿児島県,大島郡天城町,浅間
8917611,カゴシマケン,オオシマグンアマギチョウ,アマギ,鹿児島県,大島郡天城町,天城
8917622,カゴシマケン,オオシマグンアマギチョウ,オオツカワ,鹿児島県,大島郡天城町,大津川
8917603,カゴシマケン,オオシマグンアマギチョウ,オカゼン,鹿児島県,大島郡天城町,岡前
8917621,カゴシマケン,オオシマグンアマギチョウ,カネク,鹿児島県,大島郡天城町,兼久
8917623,カゴシマケン,オオシマグンアマギチョウ,セタキ,鹿児島県,大島郡天城町,瀬滝
8917624,カゴシマケン,オオシマグンアマギチョウ,トウベ,鹿児島県,大島郡天城町,当部
8917731,カゴシマケン,オオシマグンアマギチョウ,ニシアギナ,鹿児島県,大島郡天城町,西阿木名
8917612,カゴシマケン,オオシマグンアマギチョウ,ヘトノ,鹿児島県,大島郡天城町,平土野
8917604,カゴシマケン,オオシマグンアマギチョウ,マエノ,鹿児島県,大島郡天城町,前野
8917602,カゴシマケン,オオシマグンアマギチョウ,マツバラ,鹿児島県,大島郡天城町,松原
8917601,カゴシマケン,オオシマグンアマギチョウ,ヨナマ,鹿児島県,大島郡天城町,与名間
8918300,カゴシマケン,オオシマグンイセンチョウ,イカニケイサイガナイバアイ,鹿児島県,大島郡伊仙町,以下に掲載がない場合
8918322,カゴシマケン,オオシマグンイセンチョウ,アゴン,鹿児島県,大島郡伊仙町,阿権
8918221,カゴシマケン,オオシマグンイセンチョウ,アサン(799ノ1-867バンチ),鹿児島県,大島郡伊仙町,阿三（７９９の１〜８６７番地）
8918321,カゴシマケン,オオシマグンイセンチョウ,アサン(ソノタ),鹿児島県,大島郡伊仙町,阿三（その他）
8918201,カゴシマケン,オオシマグンイセンチョウ,イセン,鹿児島県,大島郡伊仙町,伊仙
8918324,カゴシマケン,オオシマグンイセンチョウ,イトキナ,鹿児島県,大島郡伊仙町,糸木名
8918327,カゴシマケン,オオシマグンイセンチョウ,イヌタブ,鹿児島県,大島郡伊仙町,犬田布
8918114,カゴシマケン,オオシマグンイセンチョウ,オモナワ,鹿児島県,大島郡伊仙町,面縄
8918111,カゴシマケン,オオシマグンイセンチョウ,キネン,鹿児島県,大島郡伊仙町,喜念
8918323,カゴシマケン,オオシマグンイセンチョウ,キノコ,鹿児島県,大島郡伊仙町,木之香
8918216,カゴシマケン,オオシマグンイセンチョウ,ケンブク(416-516バンチ),鹿児島県,大島郡伊仙町,検福（４１６〜５１６番地）
8918116,カゴシマケン,オオシマグンイセンチョウ,ケンブク(ソノタ),鹿児島県,大島郡伊仙町,検福（その他）
8918329,カゴシマケン,オオシマグンイセンチョウ,コジマ,鹿児島県,大島郡伊仙町,小島
8918328,カゴシマケン,オオシマグンイセンチョウ,サキバル,鹿児島県,大島郡伊仙町,崎原
8918112,カゴシマケン,オオシマグンイセンチョウ,サベン,鹿児島県,大島郡伊仙町,佐弁
8918117,カゴシマケン,オオシマグンイセンチョウ,ナカヤマ,鹿児島県,大島郡伊仙町,中山
8918326,カゴシマケン,オオシマグンイセンチョウ,バネ,鹿児島県,大島郡伊仙町,馬根
8918115,カゴシマケン,オオシマグンイセンチョウ,フルサト,鹿児島県,大島郡伊仙町,古里
8918113,カゴシマケン,オオシマグンイセンチョウ,メテグ,鹿児島県,大島郡伊仙町,目手久
8918325,カゴシマケン,オオシマグンイセンチョウ,ヤエザオ,鹿児島県,大島郡伊仙町,八重竿
8919100,カゴシマケン,オオシマグンワドマリチョウ,イカニケイサイガナイバアイ,鹿児島県,大島郡和泊町,以下に掲載がない場合
8919114,カゴシマケン,オオシマグンワドマリチョウ,アゼフ,鹿児島県,大島郡和泊町,畦布
8919115,カゴシマケン,オオシマグンワドマリチョウ,イノベ,鹿児島県,大島郡和泊町,伊延
8919116,カゴシマケン,オオシマグンワドマリチョウ,ウエテテチナ,鹿児島県,大島郡和泊町,上手々知名
8919131,カゴシマケン,オオシマグンワドマリチョウ,ウチジロ,鹿児島県,大島郡和泊町,内城
8919125,カゴシマケン,オオシマグンワドマリチョウ,オオジロ,鹿児島県,大島郡和泊町,大城
8919102,カゴシマケン,オオシマグンワドマリチョウ,キビル,鹿児島県,大島郡和泊町,喜美留
8919101,カゴシマケン,オオシマグンワドマリチョウ,クニガミ,鹿児島県,大島郡和泊町,国頭
8919132,カゴシマケン,オオシマグンワドマリチョウ,ゴラン,鹿児島県,大島郡和泊町,後蘭
8919136,カゴシマケン,オオシマグンワドマリチョウ,セナ,鹿児島県,大島郡和泊町,瀬名
8919133,カゴシマケン,オオシマグンワドマリチョウ,タニヤマ,鹿児島県,大島郡和泊町,谷山
8919122,カゴシマケン,オオシマグンワドマリチョウ,タマジロ,鹿児島県,大島郡和泊町,玉城
8919103,カゴシマケン,オオシマグンワドマリチョウ,デギ,鹿児島県,大島郡和泊町,出花
8919111,カゴシマケン,オオシマグンワドマリチョウ,テデチナ,鹿児島県,大島郡和泊町,手々知名
8919135,カゴシマケン,オオシマグンワドマリチョウ,ナガミネ,鹿児島県,大島郡和泊町,永嶺
8919134,カゴシマケン,オオシマグンワドマリチョウ,ニシ,鹿児島県,大島郡和泊町,仁志
8919104,カゴシマケン,オオシマグンワドマリチョウ,ニシバル,鹿児島県,大島郡和泊町,西原
8919121,カゴシマケン,オオシマグンワドマリチョウ,ネオリ,鹿児島県,大島郡和泊町,根折
8919124,カゴシマケン,オオシマグンワドマリチョウ,フルサト,鹿児島県,大島郡和泊町,古里
8919123,カゴシマケン,オオシマグンワドマリチョウ,ミナカワ,鹿児島県,大島郡和泊町,皆川
8919113,カゴシマケン,オオシマグンワドマリチョウ,ワ,鹿児島県,大島郡和泊町,和
8919112,カゴシマケン,オオシマグンワドマリチョウ,ワドマリ,鹿児島県,大島郡和泊町,和泊
8919200,カゴシマケン,オオシマグンチナチョウ,イカニケイサイガナイバアイ,鹿児島県,大島郡知名町,以下に掲載がない場合
8919206,カゴシマケン,オオシマグンチナチョウ,アカミネ,鹿児島県,大島郡知名町,赤嶺
8919211,カゴシマケン,オオシマグンチナチョウ,アシキヨウラ,鹿児島県,大島郡知名町,芦清良
8919201,カゴシマケン,オオシマグンチナチョウ,アマタ,鹿児島県,大島郡知名町,余多
8919221,カゴシマケン,オオシマグンチナチョウ,オオツカン,鹿児島県,大島郡知名町,大津勘
8919234,カゴシマケン,オオシマグンチナチョウ,カミシロ,鹿児島県,大島郡知名町,上城
8919204,カゴシマケン,オオシマグンチナチョウ,カミヒラカワ,鹿児島県,大島郡知名町,上平川
8919205,カゴシマケン,オオシマグンチナチョウ,グシケン,鹿児島県,大島郡知名町,久志検
8919212,カゴシマケン,オオシマグンチナチョウ,クロヌキ,鹿児島県,大島郡知名町,黒貫
8919207,カゴシマケン,オオシマグンチナチョウ,サオヅ,鹿児島県,大島郡知名町,竿津
8919233,カゴシマケン,オオシマグンチナチョウ,シモジロ,鹿児島県,大島郡知名町,下城
8919203,カゴシマケン,オオシマグンチナチョウ,シモヒラカワ,鹿児島県,大島郡知名町,下平川
8919232,カゴシマケン,オオシマグンチナチョウ,シンジョウ,鹿児島県,大島郡知名町,新城
8919223,カゴシマケン,オオシマグンチナチョウ,スミヨシ,鹿児島県,大島郡知名町,住吉
8919213,カゴシマケン,オオシマグンチナチョウ,セリカク,鹿児島県,大島郡知名町,瀬利覚
8919231,カゴシマケン,オオシマグンチナチョウ,タミナ,鹿児島県,大島郡知名町,田皆
8919214,カゴシマケン,オオシマグンチナチョウ,チナ,鹿児島県,大島郡知名町,知名
8919222,カゴシマケン,オオシマグンチナチョウ,トクドキ,鹿児島県,大島郡知名町,徳時
8919224,カゴシマケン,オオシマグンチナチョウ,マサナ,鹿児島県,大島郡知名町,正名
8919215,カゴシマケン,オオシマグンチナチョウ,ヤコモ,鹿児島県,大島郡知名町,屋子母
8919202,カゴシマケン,オオシマグンチナチョウ,ヤジャ,鹿児島県,大島郡知名町,屋者
8919300,カゴシマケン,オオシマグンヨロンチョウ,イカニケイサイガナイバアイ,鹿児島県,大島郡与論町,以下に掲載がない場合
8919304,カゴシマケン,オオシマグンヨロンチョウ,アサト,鹿児島県,大島郡与論町,朝戸
8919309,カゴシマケン,オオシマグンヨロンチョウ,カノウ,鹿児島県,大島郡与論町,叶
8919303,カゴシマケン,オオシマグンヨロンチョウ,グスク,鹿児島県,大島郡与論町,城
8919301,カゴシマケン,オオシマグンヨロンチョウ,チャバナ,鹿児島県,大島郡与論町,茶花
8919308,カゴシマケン,オオシマグンヨロンチョウ,ナマ,鹿児島県,大島郡与論町,那間
8919305,カゴシマケン,オオシマグンヨロンチョウ,ニシク,鹿児島県,大島郡与論町,西区
8919306,カゴシマケン,オオシマグンヨロンチョウ,ヒガシク,鹿児島県,大島郡与論町,東区
8919307,カゴシマケン,オオシマグンヨロンチョウ,フルサト,鹿児島県,大島郡与論町,古里
8919302,カゴシマケン,オオシマグンヨロンチョウ,リッチョウ,鹿児島県,大島郡与論町,立長