8610000,クマモトケン,クマモトシチュウオウク,イカニケイサイガナイバアイ,熊本県,熊本市中央区,以下に掲載がない場合
8600801,クマモトケン,クマモトシチュウオウク,アンセイマチ,熊本県,熊本市中央区,安政町
8600841,クマモトケン,クマモトシチュウオウク,イガワブチマチ,熊本県,熊本市中央区,井川淵町
8620941,クマモトケン,クマモトシチュウオウク,イズミ,熊本県,熊本市中央区,出水
8600043,クマモトケン,クマモトシチュウオウク,イタヤマチ,熊本県,熊本市中央区,板屋町
8600031,クマモトケン,クマモトシチュウオウク,ウオヤマチ,熊本県,熊本市中央区,魚屋町
8600077,クマモトケン,クマモトシチュウオウク,ウチツボイマチ,熊本県,熊本市中央区,内坪井町
8620942,クマモトケン,クマモトシチュウオウク,エヅ,熊本県,熊本市中央区,江津
8620971,クマモトケン,クマモトシチュウオウク,オオエ,熊本県,熊本市中央区,大江
8620973,クマモトケン,クマモトシチュウオウク,オオエホンマチ,熊本県,熊本市中央区,大江本町
8620958,クマモトケン,クマモトシチュウオウク,オカダマチ,熊本県,熊本市中央区,岡田町
8620924,クマモトケン,クマモトシチュウオウク,オビヤマ,熊本県,熊本市中央区,帯山
8600026,クマモトケン,クマモトシチュウオウク,カジヤマチ,熊本県,熊本市中央区,鍛冶屋町
8600021,クマモトケン,クマモトシチュウオウク,カミカジヤマチ,熊本県,熊本市中央区,上鍛冶屋町
8620953,クマモトケン,クマモトシチュウオウク,カミキョウヅカマチ,熊本県,熊本市中央区,上京塚町
8620951,クマモトケン,クマモトシチュウオウク,カミスイゼンジ,熊本県,熊本市中央区,上水前寺
8600845,クマモトケン,クマモトシチュウオウク,カミトオリチョウ,熊本県,熊本市中央区,上通町
8600847,クマモトケン,クマモトシチュウオウク,カミバヤシマチ,熊本県,熊本市中央区,上林町
8600804,クマモトケン,クマモトシチュウオウク,カラシマチョウ,熊本県,熊本市中央区,辛島町
8600039,クマモトケン,クマモトシチュウオウク,カワバタマチ,熊本県,熊本市中央区,川端町
8600023,クマモトケン,クマモトシチュウオウク,カワラマチ,熊本県,熊本市中央区,河原町
8600855,クマモトケン,クマモトシチュウオウク,キタセンダンバタマチ,熊本県,熊本市中央区,北千反畑町
8600078,クマモトケン,クマモトシチュウオウク,キョウマチ,熊本県,熊本市中央区,京町
8600081,クマモトケン,クマモトシチュウオウク,キョウマチホンチョウ,熊本県,熊本市中央区,京町本丁
8600843,クマモトケン,クマモトシチュウオウク,クサバチョウ,熊本県,熊本市中央区,草葉町
8620976,クマモトケン,クマモトシチュウオウク,クホンジ,熊本県,熊本市中央区,九品寺
8600862,クマモトケン,クマモトシチュウオウク,クロカミ,熊本県,熊本市中央区,黒髪
8620954,クマモトケン,クマモトシチュウオウク,クワミズ,熊本県,熊本市中央区,神水
8620955,クマモトケン,クマモトシチュウオウク,クワミズホンマチ,熊本県,熊本市中央区,神水本町
8600014,クマモトケン,クマモトシチュウオウク,ケイトクボリマチ,熊本県,熊本市中央区,慶徳堀町
8600033,クマモトケン,クマモトシチュウオウク,コウヤアミダジマチ,熊本県,熊本市中央区,紺屋阿弥陀寺町
8600012,クマモトケン,クマモトシチュウオウク,コウヤイママチ,熊本県,熊本市中央区,紺屋今町
8600025,クマモトケン,クマモトシチュウオウク,コウヤマチ,熊本県,熊本市中央区,紺屋町
8600851,クマモトケン,クマモトシチュウオウク,コカイホンマチ,熊本県,熊本市中央区,子飼本町
8620949,クマモトケン,クマモトシチュウオウク,コクブ,熊本県,熊本市中央区,国府
8620948,クマモトケン,クマモトシチュウオウク,コクブホンマチ,熊本県,熊本市中央区,国府本町
8600042,クマモトケン,クマモトシチュウオウク,コザワマチ,熊本県,熊本市中央区,小沢町
8600003,クマモトケン,クマモトシチュウオウク,コジョウマチ,熊本県,熊本市中央区,古城町
8600076,クマモトケン,クマモトシチュウオウク,コセン,熊本県,熊本市中央区,壺川
8620909,クマモトケン,クマモトシチュウオウク,コトウ,熊本県,熊本市中央区,湖東
8600813,クマモトケン,クマモトシチュウオウク,コトヒラ,熊本県,熊本市中央区,琴平
8600814,クマモトケン,クマモトシチュウオウク,コトヒラホンマチ,熊本県,熊本市中央区,琴平本町
8600035,クマモトケン,クマモトシチュウオウク,ゴフクマチ,熊本県,熊本市中央区,呉服町
8600029,クマモトケン,クマモトシチュウオウク,コメヤマチ,熊本県,熊本市中央区,米屋町
8600041,クマモトケン,クマモトシチュウオウク,サイクマチ,熊本県,熊本市中央区,細工町
8600805,クマモトケン,クマモトシチュウオウク,サクラマチ,熊本県,熊本市中央区,桜町
8620922,クマモトケン,クマモトシチュウオウク,サブロウ,熊本県,熊本市中央区,三郎
8600073,クマモトケン,クマモトシチュウオウク,シマサキ,熊本県,熊本市中央区,島崎
8600807,クマモトケン,クマモトシチュウオウク,シモトオリ,熊本県,熊本市中央区,下通
8600824,クマモトケン,クマモトシチュウオウク,ジュウゼンジ,熊本県,熊本市中央区,十禅寺
8600846,クマモトケン,クマモトシチュウオウク,ジョウトウマチ,熊本県,熊本市中央区,城東町
8620972,クマモトケン,クマモトシチュウオウク,シンオオエ,熊本県,熊本市中央区,新大江
8600011,クマモトケン,クマモトシチュウオウク,シンカジヤマチ,熊本県,熊本市中央区,新鍛冶屋町
8600803,クマモトケン,クマモトシチュウオウク,シンシガイ,熊本県,熊本市中央区,新市街
8600004,クマモトケン,クマモトシチュウオウク,シンマチ,熊本県,熊本市中央区,新町
8620975,クマモトケン,クマモトシチュウオウク,シンヤシキ,熊本県,熊本市中央区,新屋敷
8620950,クマモトケン,クマモトシチュウオウク,スイゼンジ,熊本県,熊本市中央区,水前寺
8620956,クマモトケン,クマモトシチュウオウク,スイゼンジコウエン,熊本県,熊本市中央区,水前寺公園
8600844,クマモトケン,クマモトシチュウオウク,スイドウチョウ,熊本県,熊本市中央区,水道町
8620957,クマモトケン,クマモトシチュウオウク,スガワラマチ,熊本県,熊本市中央区,菅原町
8600019,クマモトケン,クマモトシチュウオウク,センバマチ,熊本県,熊本市中央区,船場町
8600018,クマモトケン,クマモトシチュウオウク,センバマチシモ,熊本県,熊本市中央区,船場町下
8600006,クマモトケン,クマモトシチュウオウク,ダニヤマホンマチ,熊本県,熊本市中央区,段山本町
8600001,クマモトケン,クマモトシチュウオウク,チバジョウマチ,熊本県,熊本市中央区,千葉城町
8600802,クマモトケン,クマモトシチュウオウク,チュウオウガイ,熊本県,熊本市中央区,中央街
8600863,クマモトケン,クマモトシチュウオウク,ツボイ,熊本県,熊本市中央区,坪井
8600808,クマモトケン,クマモトシチュウオウク,テトリホンチョウ,熊本県,熊本市中央区,手取本町
8600013,クマモトケン,クマモトシチュウオウク,トオリチョウ,熊本県,熊本市中央区,通町
8620970,クマモトケン,クマモトシチュウオウク,トロク,熊本県,熊本市中央区,渡鹿
8600028,クマモトケン,クマモトシチュウオウク,ナカトウジンマチ,熊本県,熊本市中央区,中唐人町
8600037,クマモトケン,クマモトシチュウオウク,ニシアミダジマチ,熊本県,熊本市中央区,西阿弥陀寺町
8600853,クマモトケン,クマモトシチュウオウク,ニシコカイマチ,熊本県,熊本市中央区,西子飼町
8600027,クマモトケン,クマモトシチュウオウク,ニシトウジンマチ,熊本県,熊本市中央区,西唐人町
8600008,クマモトケン,クマモトシチュウオウク,ニノマル,熊本県,熊本市中央区,二の丸
8600832,クマモトケン,クマモトシチュウオウク,ハギワラマチ,熊本県,熊本市中央区,萩原町
8620959,クマモトケン,クマモトシチュウオウク,ハクザン,熊本県,熊本市中央区,白山
8600831,クマモトケン,クマモトシチュウオウク,ハチオウジマチ,熊本県,熊本市中央区,八王寺町
8600806,クマモトケン,クマモトシチュウオウク,ハナバタチョウ,熊本県,熊本市中央区,花畑町
8600815,クマモトケン,クマモトシチュウオウク,ハルタケマチ,熊本県,熊本市中央区,春竹町
8600034,クマモトケン,クマモトシチュウオウク,ヒガシアミダジマチ,熊本県,熊本市中央区,東阿弥陀寺町
8620923,クマモトケン,クマモトシチュウオウク,ヒガシキョウヅカマチ,熊本県,熊本市中央区,東京塚町
8600854,クマモトケン,クマモトシチュウオウク,ヒガシコカイマチ,熊本県,熊本市中央区,東子飼町
8600038,クマモトケン,クマモトシチュウオウク,フルオケヤマチ,熊本県,熊本市中央区,古桶屋町
8600015,クマモトケン,クマモトシチュウオウク,フルカワマチ,熊本県,熊本市中央区,古川町
8600007,クマモトケン,クマモトシチュウオウク,フルキョウマチ,熊本県,熊本市中央区,古京町
8600036,クマモトケン,クマモトシチュウオウク,フルダイクマチ,熊本県,熊本市中央区,古大工町
8600833,クマモトケン,クマモトシチュウオウク,ヘイセイ,熊本県,熊本市中央区,平成
8620926,クマモトケン,クマモトシチュウオウク,ホタクボ,熊本県,熊本市中央区,保田窪
8600811,クマモトケン,クマモトシチュウオウク,ホンジョウ,熊本県,熊本市中央区,本荘
8600816,クマモトケン,クマモトシチュウオウク,ホンジョウマチ,熊本県,熊本市中央区,本荘町
8600002,クマモトケン,クマモトシチュウオウク,ホンマル,熊本県,熊本市中央区,本丸
8600024,クマモトケン,クマモトシチュウオウク,マツバラマチ,熊本県,熊本市中央区,松原町
8600812,クマモトケン,クマモトシチュウオウク,ミナミクマモト,熊本県,熊本市中央区,南熊本
8600842,クマモトケン,クマモトシチュウオウク,ミナミセンダンバタマチ,熊本県,熊本市中央区,南千反畑町
8600848,クマモトケン,クマモトシチュウオウク,ミナミツボイマチ,熊本県,熊本市中央区,南坪井町
8600005,クマモトケン,クマモトシチュウオウク,ミヤウチ,熊本県,熊本市中央区,宮内
8600856,クマモトケン,クマモトシチュウオウク,ミョウタイジマチ,熊本県,熊本市中央区,妙体寺町
8600817,クマモトケン,クマモトシチュウオウク,ムカエマチ,熊本県,熊本市中央区,迎町
8618072,クマモトケン,クマモトシチュウオウク,ムロゾノマチ,熊本県,熊本市中央区,室園町
8600821,クマモトケン,クマモトシチュウオウク,モトヤマ,熊本県,熊本市中央区,本山
8600822,クマモトケン,クマモトシチュウオウク,モトヤママチ,熊本県,熊本市中央区,本山町
8600852,クマモトケン,クマモトシチュウオウク,ヤクエンチョウ,熊本県,熊本市中央区,薬園町
8600016,クマモトケン,クマモトシチュウオウク,ヤマサキマチ,熊本県,熊本市中央区,山崎町
8600818,クマモトケン,クマモトシチュウオウク,ヤヨイチョウ,熊本県,熊本市中央区,弥生町
8600022,クマモトケン,クマモトシチュウオウク,ヨココウヤマチ,熊本県,熊本市中央区,横紺屋町
8600046,クマモトケン,クマモトシチュウオウク,ヨコテ,熊本県,熊本市中央区,横手
8600827,クマモトケン,クマモトシチュウオウク,ヨヤス,熊本県,熊本市中央区,世安
8600823,クマモトケン,クマモトシチュウオウク,ヨヤスマチ,熊本県,熊本市中央区,世安町
8600032,クマモトケン,クマモトシチュウオウク,ヨロズマチ,熊本県,熊本市中央区,万町
8600017,クマモトケン,クマモトシチュウオウク,レンペイチョウ,熊本県,熊本市中央区,練兵町
8610000,クマモトケン,クマモトシヒガシク,イカニケイサイガナイバアイ,熊本県,熊本市東区,以下に掲載がない場合
8612104,クマモトケン,クマモトシヒガシク,アキツ,熊本県,熊本市東区,秋津
8612107,クマモトケン,クマモトシヒガシク,アキツシンマチ,熊本県,熊本市東区,秋津新町
8612105,クマモトケン,クマモトシヒガシク,アキツマチアキタ,熊本県,熊本市東区,秋津町秋田
8618046,クマモトケン,クマモトシヒガシク,イシワラ,熊本県,熊本市東区,石原
8618014,クマモトケン,クマモトシヒガシク,イシワラマチ,熊本県,熊本市東区,石原町
8620941,クマモトケン,クマモトシヒガシク,イズミ,熊本県,熊本市東区,出水
8620961,クマモトケン,クマモトシヒガシク,エズヒガシ,熊本県,熊本市東区,画図東
8620944,クマモトケン,クマモトシヒガシク,エズマチカミムタ,熊本県,熊本市東区,画図町上無田
8620947,クマモトケン,クマモトシヒガシク,エズマチシゲドミ,熊本県,熊本市東区,画図町重富
8620943,クマモトケン,クマモトシヒガシク,エズマチシモエヅ,熊本県,熊本市東区,画図町下江津
8620945,クマモトケン,クマモトシヒガシク,エズマチシモムタ,熊本県,熊本市東区,画図町下無田
8620946,クマモトケン,クマモトシヒガシク,エズマチトコロジマ,熊本県,熊本市東区,画図町所島
8620942,クマモトケン,クマモトシヒガシク,エヅ,熊本県,熊本市東区,江津
8620917,クマモトケン,クマモトシヒガシク,エノキマチ,熊本県,熊本市東区,榎町
8620913,クマモトケン,クマモトシヒガシク,オノウエ,熊本県,熊本市東区,尾ノ上
8620924,クマモトケン,クマモトシヒガシク,オビヤマ,熊本県,熊本市東区,帯山
8620933,クマモトケン,クマモトシヒガシク,オミネ,熊本県,熊本市東区,小峯
8618045,クマモトケン,クマモトシヒガシク,オヤマ,熊本県,熊本市東区,小山
8618030,クマモトケン,クマモトシヒガシク,オヤママチ,熊本県,熊本市東区,小山町
8618011,クマモトケン,クマモトシヒガシク,カキゼマチ,熊本県,熊本市東区,鹿帰瀬町
8618010,クマモトケン,クマモトシヒガシク,カミナベ,熊本県,熊本市東区,上南部
8618017,クマモトケン,クマモトシヒガシク,カミナベマチ,熊本県,熊本市東区,上南部町
8620952,クマモトケン,クマモトシヒガシク,キョウヅカホンマチ,熊本県,熊本市東区,京塚本町
8620955,クマモトケン,クマモトシヒガシク,クワミズホンマチ,熊本県,熊本市東区,神水本町
8620911,クマモトケン,クマモトシヒガシク,ケングン,熊本県,熊本市東区,健軍
8620910,クマモトケン,クマモトシヒガシク,ケングンホンマチ,熊本県,熊本市東区,健軍本町
8618044,クマモトケン,クマモトシヒガシク,コウゾノ,熊本県,熊本市東区,神園
8620909,クマモトケン,クマモトシヒガシク,コトウ,熊本県,熊本市東区,湖東
8618035,クマモトケン,クマモトシヒガシク,ゴリョウ,熊本県,熊本市東区,御領
8620904,クマモトケン,クマモトシヒガシク,サカエマチ,熊本県,熊本市東区,栄町
8612101,クマモトケン,クマモトシヒガシク,サクラギ,熊本県,熊本市東区,桜木
8620916,クマモトケン,クマモトシヒガシク,サドワラ,熊本県,熊本市東区,佐土原
8620922,クマモトケン,クマモトシヒガシク,サブロウ,熊本県,熊本市東区,三郎
8620960,クマモトケン,クマモトシヒガシク,シモエヅ,熊本県,熊本市東区,下江津
8618019,クマモトケン,クマモトシヒガシク,シモナベ,熊本県,熊本市東区,下南部
8612108,クマモトケン,クマモトシヒガシク,ショウワマチ,熊本県,熊本市東区,昭和町
8620908,クマモトケン,クマモトシヒガシク,シンセイ,熊本県,熊本市東区,新生
8618028,クマモトケン,クマモトシヒガシク,シンナベ,熊本県,熊本市東区,新南部
8620921,クマモトケン,クマモトシヒガシク,シンホカ,熊本県,熊本市東区,新外
8620907,クマモトケン,クマモトシヒガシク,スイゲン,熊本県,熊本市東区,水源
8620920,クマモトケン,クマモトシヒガシク,ツキデ,熊本県,熊本市東区,月出
8618041,クマモトケン,クマモトシヒガシク,トシマ,熊本県,熊本市東区,戸島
8618043,クマモトケン,クマモトシヒガシク,トシマニシ,熊本県,熊本市東区,戸島西
8618042,クマモトケン,クマモトシヒガシク,トシマホンマチ,熊本県,熊本市東区,戸島本町
8618031,クマモトケン,クマモトシヒガシク,トシママチ,熊本県,熊本市東区,戸島町
8620970,クマモトケン,クマモトシヒガシク,トロク,熊本県,熊本市東区,渡鹿
8618015,クマモトケン,クマモトシヒガシク,ナカエマチ,熊本県,熊本市東区,中江町
8618037,クマモトケン,クマモトシヒガシク,ナガミネニシ,熊本県,熊本市東区,長嶺西
8618038,クマモトケン,クマモトシヒガシク,ナガミネヒガシ,熊本県,熊本市東区,長嶺東
8618039,クマモトケン,クマモトシヒガシク,ナガミネミナミ,熊本県,熊本市東区,長嶺南
8620912,クマモトケン,クマモトシヒガシク,ニシキガオカ,熊本県,熊本市東区,錦ケ丘
8618029,クマモトケン,クマモトシヒガシク,ニシバル,熊本県,熊本市東区,西原
8612102,クマモトケン,クマモトシヒガシク,ヌヤマヅ,熊本県,熊本市東区,沼山津
8618034,クマモトケン,クマモトシヒガシク,ハッタンダ,熊本県,熊本市東区,八反田
8612118,クマモトケン,クマモトシヒガシク,ハナタテ(1-4チョウメ),熊本県,熊本市東区,花立（１～４丁目）
8620918,クマモトケン,クマモトシヒガシク,ハナタテ(5、6チョウメ),熊本県,熊本市東区,花立（５、６丁目）
8620923,クマモトケン,クマモトシヒガシク,ヒガシキョウヅカマチ,熊本県,熊本市東区,東京塚町
8612106,クマモトケン,クマモトシヒガシク,ヒガシノ,熊本県,熊本市東区,東野
8620902,クマモトケン,クマモトシヒガシク,ヒガシホンマチ,熊本県,熊本市東区,東本町
8620901,クマモトケン,クマモトシヒガシク,ヒガシマチ,熊本県,熊本市東区,東町
8618012,クマモトケン,クマモトシヒガシク,ヒラヤママチ,熊本県,熊本市東区,平山町
8620906,クマモトケン,クマモトシヒガシク,ヒロギマチ,熊本県,熊本市東区,広木町
8620926,クマモトケン,クマモトシヒガシク,ホタクボ,熊本県,熊本市東区,保田窪
8620925,クマモトケン,クマモトシヒガシク,ホタクボホンマチ,熊本県,熊本市東区,保田窪本町
8620905,クマモトケン,クマモトシヒガシク,ミナミマチ,熊本県,熊本市東区,南町
8620914,クマモトケン,クマモトシヒガシク,ヤマノウチ,熊本県,熊本市東区,山ノ内
8620915,クマモトケン,クマモトシヒガシク,ヤマノカミ,熊本県,熊本市東区,山ノ神
8618013,クマモトケン,クマモトシヒガシク,ユゲマチ,熊本県,熊本市東区,弓削町
8618016,クマモトケン,クマモトシヒガシク,ヨシワラマチ,熊本県,熊本市東区,吉原町
8620903,クマモトケン,クマモトシヒガシク,ワカバ(1-3チョウメ),熊本県,熊本市東区,若葉（１～３丁目）
8612103,クマモトケン,クマモトシヒガシク,ワカバ(4-6チョウメ),熊本県,熊本市東区,若葉（４～６丁目）
8610000,クマモトケン,クマモトシニシク,イカニケイサイガナイバアイ,熊本県,熊本市西区,以下に掲載がない場合
8600071,クマモトケン,クマモトシニシク,イケガメマチ,熊本県,熊本市西区,池亀町
8600082,クマモトケン,クマモトシニシク,イケダ,熊本県,熊本市西区,池田
8600048,クマモトケン,クマモトシニシク,イケノウエマチ,熊本県,熊本市西区,池上町
8615273,クマモトケン,クマモトシニシク,オキシンマチ,熊本県,熊本市西区,沖新町
8615287,クマモトケン,クマモトシニシク,オシマ,熊本県,熊本市西区,小島
8615285,クマモトケン,クマモトシニシク,オシマカミマチ,熊本県,熊本市西区,小島上町
8615284,クマモトケン,クマモトシニシク,オシマシモマチ,熊本県,熊本市西区,小島下町
8600047,クマモトケン,クマモトシニシク,カスガ,熊本県,熊本市西区,春日
8600079,クマモトケン,クマモトシニシク,カミクマモト,熊本県,熊本市西区,上熊本
8600068,クマモトケン,クマモトシニシク,カミダイ,熊本県,熊本市西区,上代
8600061,クマモトケン,クマモトシニシク,カミタカハシ,熊本県,熊本市西区,上高橋
8615289,クマモトケン,クマモトシニシク,カミマツオマチ,熊本県,熊本市西区,上松尾町
8615341,クマモトケン,クマモトシニシク,カワチマチオオタオ,熊本県,熊本市西区,河内町大多尾
8615345,クマモトケン,クマモトシニシク,カワチマチオモノギ,熊本県,熊本市西区,河内町面木
8615346,クマモトケン,クマモトシニシク,カワチマチカワチ,熊本県,熊本市西区,河内町河内
8615348,クマモトケン,クマモトシニシク,カワチマチシラハマ,熊本県,熊本市西区,河内町白浜
8615344,クマモトケン,クマモトシニシク,カワチマチタケ,熊本県,熊本市西区,河内町岳
8615342,クマモトケン,クマモトシニシク,カワチマチトウモンジ,熊本県,熊本市西区,河内町東門寺
8615343,クマモトケン,クマモトシニシク,カワチマチノイデ,熊本県,熊本市西区,河内町野出
8615347,クマモトケン,クマモトシニシク,カワチマチフナツ,熊本県,熊本市西区,河内町船津
8600081,クマモトケン,クマモトシニシク,キョウマチホンチョウ,熊本県,熊本市西区,京町本丁
8600073,クマモトケン,クマモトシニシク,シマサキ,熊本県,熊本市西区,島崎
8600067,クマモトケン,クマモトシニシク,ジョウザンオオドモ,熊本県,熊本市西区,城山大塘
8600063,クマモトケン,クマモトシニシク,ジョウザンカミダイマチ,熊本県,熊本市西区,城山上代町
8600066,クマモトケン,クマモトシニシク,ジョウザンシモダイ,熊本県,熊本市西区,城山下代
8600064,クマモトケン,クマモトシニシク,ジョウザンハンダ,熊本県,熊本市西区,城山半田
8600065,クマモトケン,クマモトシニシク,ジョウザンヤクシ,熊本県,熊本市西区,城山薬師
8600056,クマモトケン,クマモトシニシク,シントガワラ,熊本県,熊本市西区,新土河原
8615274,クマモトケン,クマモトシニシク,シンミナト,熊本県,熊本市西区,新港
8600062,クマモトケン,クマモトシニシク,タカハシマチ,熊本県,熊本市西区,高橋町
8600053,クマモトケン,クマモトシニシク,タサキ,熊本県,熊本市西区,田崎
8600052,クマモトケン,クマモトシニシク,タサキホンマチ,熊本県,熊本市西区,田崎本町
8600058,クマモトケン,クマモトシニシク,タサキマチ,熊本県,熊本市西区,田崎町
8600044,クマモトケン,クマモトシニシク,タニオザキマチ,熊本県,熊本市西区,谷尾崎町
8600088,クマモトケン,クマモトシニシク,ツノウラマチ,熊本県,熊本市西区,津浦町
8600074,クマモトケン,クマモトシニシク,デマチ,熊本県,熊本市西区,出町
8600045,クマモトケン,クマモトシニシク,トサカマチ,熊本県,熊本市西区,戸坂町
8615272,クマモトケン,クマモトシニシク,ナカシママチ,熊本県,熊本市西区,中島町
8615271,クマモトケン,クマモトシニシク,ナカハラマチ,熊本県,熊本市西区,中原町
8615286,クマモトケン,クマモトシニシク,ナカマツオマチ,熊本県,熊本市西区,中松尾町
8615288,クマモトケン,クマモトシニシク,ニシマツオマチ,熊本県,熊本市西区,西松尾町
8600051,クマモトケン,クマモトシニシク,ニホンギ,熊本県,熊本市西区,二本木
8600059,クマモトケン,クマモトシニシク,ノナカ,熊本県,熊本市西区,野中
8600072,クマモトケン,クマモトシニシク,ハナゾノ,熊本県,熊本市西区,花園
8600075,クマモトケン,クマモトシニシク,ヒエダマチ,熊本県,熊本市西区,稗田町
8615280,クマモトケン,クマモトシニシク,マツオ,熊本県,熊本市西区,松尾
8615281,クマモトケン,クマモトシニシク,マツオマチチコウヅ,熊本県,熊本市西区,松尾町近津
8615282,クマモトケン,クマモトシニシク,マツオマチヒラヤマ,熊本県,熊本市西区,松尾町平山
8600054,クマモトケン,クマモトシニシク,ヤシマ,熊本県,熊本市西区,八島
8600057,クマモトケン,クマモトシニシク,ヤシママチ,熊本県,熊本市西区,八島町
8600046,クマモトケン,クマモトシニシク,ヨコテ,熊本県,熊本市西区,横手
8600055,クマモトケン,クマモトシニシク,レンダイジ,熊本県,熊本市西区,蓮台寺
8610000,クマモトケン,クマモトシミナミク,イカニケイサイガナイバアイ,熊本県,熊本市南区,以下に掲載がない場合
8614121,クマモトケン,クマモトシミナミク,アイドミマチ,熊本県,熊本市南区,会富町
8614136,クマモトケン,クマモトシミナミク,アラオ,熊本県,熊本市南区,荒尾
8614136,クマモトケン,クマモトシミナミク,アラオマチ,熊本県,熊本市南区,荒尾町
8620963,クマモトケン,クマモトシミナミク,イデナカマ,熊本県,熊本市南区,出仲間
8615251,クマモトケン,クマモトシミナミク,イママチ,熊本県,熊本市南区,今町
8614124,クマモトケン,クマモトシミナミク,ウジグチマチ,熊本県,熊本市南区,海路口町
8614131,クマモトケン,クマモトシミナミク,ウスバ,熊本県,熊本市南区,薄場
8614131,クマモトケン,クマモトシミナミク,ウスバマチ,熊本県,熊本市南区,薄場町
8614127,クマモトケン,クマモトシミナミク,ウチダマチ,熊本県,熊本市南区,内田町
8600834,クマモトケン,クマモトシミナミク,エゴエ,熊本県,熊本市南区,江越
8614125,クマモトケン,クマモトシミナミク,オクコガマチ,熊本県,熊本市南区,奥古閑町
8614132,クマモトケン,クマモトシミナミク,カミノゴウ,熊本県,熊本市南区,上ノ郷
8614134,クマモトケン,クマモトシミナミク,カリクサ,熊本県,熊本市南区,刈草
8614123,クマモトケン,クマモトシミナミク,カワグチマチ,熊本県,熊本市南区,川口町
8614115,クマモトケン,クマモトシミナミク,カワシリ,熊本県,熊本市南区,川尻
8614111,クマモトケン,クマモトシミナミク,ゴウシ,熊本県,熊本市南区,合志
8614108,クマモトケン,クマモトシミナミク,コウダ,熊本県,熊本市南区,幸田
8614117,クマモトケン,クマモトシミナミク,ゴンドウマチ,熊本県,熊本市南区,護藤町
8614133,クマモトケン,クマモトシミナミク,シママチ,熊本県,熊本市南区,島町
8600824,クマモトケン,クマモトシミナミク,ジュウゼンジ,熊本県,熊本市南区,十禅寺
8614231,クマモトケン,クマモトシミナミク,ジョウナンマチアカミ,熊本県,熊本市南区,城南町赤見
8614224,クマモトケン,クマモトシミナミク,ジョウナンマチアダカ,熊本県,熊本市南区,城南町阿高
8614205,クマモトケン,クマモトシミナミク,ジョウナンマチイカリ,熊本県,熊本市南区,城南町碇
8614213,クマモトケン,クマモトシミナミク,ジョウナンマチイズミ,熊本県,熊本市南区,城南町出水
8614211,クマモトケン,クマモトシミナミク,ジョウナンマチイマヨシノ,熊本県,熊本市南区,城南町今吉野
8614203,クマモトケン,クマモトシミナミク,ジョウナンマチクマノショウ,熊本県,熊本市南区,城南町隈庄
8614201,クマモトケン,クマモトシミナミク,ジョウナンマチサカノ,熊本県,熊本市南区,城南町坂野
8614206,クマモトケン,クマモトシミナミク,ジョウナンマチサンサン,熊本県,熊本市南区,城南町さんさん
8614215,クマモトケン,クマモトシミナミク,ジョウナンマチシズメ,熊本県,熊本市南区,城南町沈目
8614236,クマモトケン,クマモトシミナミク,ジョウナンマチシマダ,熊本県,熊本市南区,城南町島田
8614204,クマモトケン,クマモトシミナミク,ジョウナンマチシモミヤジ,熊本県,熊本市南区,城南町下宮地
8614221,クマモトケン,クマモトシミナミク,ジョウナンマチジンナイ,熊本県,熊本市南区,城南町陳内
8614232,クマモトケン,クマモトシミナミク,ジョウナンマチタカ,熊本県,熊本市南区,城南町高
8614235,クマモトケン,クマモトシミナミク,ジョウナンマチチマチ,熊本県,熊本市南区,城南町千町
8614212,クマモトケン,クマモトシミナミク,ジョウナンマチツイジ,熊本県,熊本市南区,城南町築地
8614226,クマモトケン,クマモトシミナミク,ジョウナンマチツカワラ,熊本県,熊本市南区,城南町塚原
8614234,クマモトケン,クマモトシミナミク,ジョウナンマチナガ,熊本県,熊本市南区,城南町永
8614233,クマモトケン,クマモトシミナミク,ジョウナンマチニウノミヤ,熊本県,熊本市南区,城南町丹生宮
8614225,クマモトケン,クマモトシミナミク,ジョウナンマチヒガシアダカ,熊本県,熊本市南区,城南町東阿高
8614223,クマモトケン,クマモトシミナミク,ジョウナンマチフジヤマ,熊本県,熊本市南区,城南町藤山
8614214,クマモトケン,クマモトシミナミク,ジョウナンマチマイノハラ,熊本県,熊本市南区,城南町舞原
8614202,クマモトケン,クマモトシミナミク,ジョウナンマチミヤジ,熊本県,熊本市南区,城南町宮地
8614237,クマモトケン,クマモトシミナミク,ジョウナンマチロクタ,熊本県,熊本市南区,城南町六田
8614222,クマモトケン,クマモトシミナミク,ジョウナンマチワニゼ,熊本県,熊本市南区,城南町鰐瀬
8614112,クマモトケン,クマモトシミナミク,シラフジ,熊本県,熊本市南区,白藤
8615264,クマモトケン,クマモトシミナミク,シロイシマチ,熊本県,熊本市南区,白石町
8615255,クマモトケン,クマモトシミナミク,スナハラマチ,熊本県,熊本市南区,砂原町
8614126,クマモトケン,クマモトシミナミク,ゼンドモマチ,熊本県,熊本市南区,銭塘町
8620965,クマモトケン,クマモトシミナミク,タイノシマ,熊本県,熊本市南区,田井島
8620962,クマモトケン,クマモトシミナミク,タムカエ,熊本県,熊本市南区,田迎
8620965,クマモトケン,クマモトシミナミク,タムカエマチタイノシマ,熊本県,熊本市南区,田迎町田井島
8620966,クマモトケン,クマモトシミナミク,タムカエマチヤヤマチ,熊本県,熊本市南区,田迎町良町
8614101,クマモトケン,クマモトシミナミク,チカミ,熊本県,熊本市南区,近見
8615252,クマモトケン,クマモトシミナミク,トガワラマチ,熊本県,熊本市南区,土河原町
8614135,クマモトケン,クマモトシミナミク,トビマチ,熊本県,熊本市南区,鳶町
8614146,クマモトケン,クマモトシミナミク,トミアイマチエノキヅ,熊本県,熊本市南区,富合町榎津
8614145,クマモトケン,クマモトシミナミク,トミアイマチオオマチ,熊本県,熊本市南区,富合町大町
8614141,クマモトケン,クマモトシミナミク,トミアイマチオフナテ,熊本県,熊本市南区,富合町御船手
8614165,クマモトケン,クマモトシミナミク,トミアイマチカキノエ,熊本県,熊本市南区,富合町硴江
8614143,クマモトケン,クマモトシミナミク,トミアイマチカミスギ,熊本県,熊本市南区,富合町上杉
8614151,クマモトケン,クマモトシミナミク,トミアイマチキヨフジ,熊本県,熊本市南区,富合町清藤
8614153,クマモトケン,クマモトシミナミク,トミアイマチキワラ,熊本県,熊本市南区,富合町木原
8614161,クマモトケン,クマモトシミナミク,トミアイマチコイワセ,熊本県,熊本市南区,富合町小岩瀬
8614166,クマモトケン,クマモトシミナミク,トミアイマチコウザキ,熊本県,熊本市南区,富合町莎崎
8614157,クマモトケン,クマモトシミナミク,トミアイマチコガ,熊本県,熊本市南区,富合町古閑
8614162,クマモトケン,クマモトシミナミク,トミアイマチコクチョウ,熊本県,熊本市南区,富合町国町
8614167,クマモトケン,クマモトシミナミク,トミアイマチコモノエ,熊本県,熊本市南区,富合町菰江
8614163,クマモトケン,クマモトシミナミク,トミアイマチシジミズ,熊本県,熊本市南区,富合町志々水
8614144,クマモトケン,クマモトシミナミク,トミアイマチシャカドウ,熊本県,熊本市南区,富合町釈迦堂
8614152,クマモトケン,クマモトシミナミク,トミアイマチシン,熊本県,熊本市南区,富合町新
8614142,クマモトケン,クマモトシミナミク,トミアイマチスギジマ,熊本県,熊本市南区,富合町杉島
8614156,クマモトケン,クマモトシミナミク,トミアイマチタノシリ,熊本県,熊本市南区,富合町田尻
8614164,クマモトケン,クマモトシミナミク,トミアイマチニシタノシリ,熊本県,熊本市南区,富合町西田尻
8614154,クマモトケン,クマモトシミナミク,トミアイマチヒラバル,熊本県,熊本市南区,富合町平原
8614147,クマモトケン,クマモトシミナミク,トミアイマチマイノエ,熊本県,熊本市南区,富合町廻江
8614155,クマモトケン,クマモトシミナミク,トミアイマチミナミタノシリ,熊本県,熊本市南区,富合町南田尻
8614116,クマモトケン,クマモトシミナミク,ナカムタマチ,熊本県,熊本市南区,中無田町
8615263,クマモトケン,クマモトシミナミク,ナミタテマチ,熊本県,熊本市南区,並建町
8614137,クマモトケン,クマモトシミナミク,ノグチ,熊本県,熊本市南区,野口
8614137,クマモトケン,クマモトシミナミク,ノグチマチ,熊本県,熊本市南区,野口町
8614114,クマモトケン,クマモトシミナミク,ノダ,熊本県,熊本市南区,野田
8615265,クマモトケン,クマモトシミナミク,ハタグチマチ,熊本県,熊本市南区,畠口町
8600831,クマモトケン,クマモトシミナミク,ハチオウジマチ,熊本県,熊本市南区,八王寺町
8615253,クマモトケン,クマモトシミナミク,ハフジマチ,熊本県,熊本市南区,八分字町
8615262,クマモトケン,クマモトシミナミク,ハマグチマチ,熊本県,熊本市南区,浜口町
8614109,クマモトケン,クマモトシミナミク,ヒヨシ,熊本県,熊本市南区,日吉
8600826,クマモトケン,クマモトシミナミク,ヒラタ,熊本県,熊本市南区,平田
8600833,クマモトケン,クマモトシミナミク,ヘイセイ,熊本県,熊本市南区,平成
8615254,クマモトケン,クマモトシミナミク,マゴダイマチ,熊本県,熊本市南区,孫代町
8620968,クマモトケン,クマモトシミナミク,マワタリ,熊本県,熊本市南区,馬渡
8614122,クマモトケン,クマモトシミナミク,ミドリマチ,熊本県,熊本市南区,美登里町
8614106,クマモトケン,クマモトシミナミク,ミナミタカエ,熊本県,熊本市南区,南高江
8614104,クマモトケン,クマモトシミナミク,ミユキキベマチ,熊本県,熊本市南区,御幸木部町
8614102,クマモトケン,クマモトシミナミク,ミユキニシムタマチ,熊本県,熊本市南区,御幸西無田町
8614103,クマモトケン,クマモトシミナミク,ミユキフエダマチ,熊本県,熊本市南区,御幸笛田町
8614173,クマモトケン,クマモトシミナミク,ミユキキベ,熊本県,熊本市南区,御幸木部
8614171,クマモトケン,クマモトシミナミク,ミユキニシ,熊本県,熊本市南区,御幸西
8614172,クマモトケン,クマモトシミナミク,ミユキフエダ,熊本県,熊本市南区,御幸笛田
8615261,クマモトケン,クマモトシミナミク,ムタグチマチ,熊本県,熊本市南区,無田口町
8614105,クマモトケン,クマモトシミナミク,モトミマチ,熊本県,熊本市南区,元三町
8614113,クマモトケン,クマモトシミナミク,ヤハタ,熊本県,熊本市南区,八幡
8620969,クマモトケン,クマモトシミナミク,ヤヤマチ,熊本県,熊本市南区,良町
8620967,クマモトケン,クマモトシミナミク,リュウツウダンチ,熊本県,熊本市南区,流通団地
8610000,クマモトケン,クマモトシキタク,イカニケイサイガナイバアイ,熊本県,熊本市北区,以下に掲載がない場合
8618081,クマモトケン,クマモトシキタク,アソウダ,熊本県,熊本市北区,麻生田
8615501,クマモトケン,クマモトシキタク,アラキマチ,熊本県,熊本市北区,改寄町
8600082,クマモトケン,クマモトシキタク,イケダ,熊本県,熊本市北区,池田
8615533,クマモトケン,クマモトシキタク,イズミマチ,熊本県,熊本市北区,和泉町
8610142,クマモトケン,クマモトシキタク,ウエキマチアブミダ,熊本県,熊本市北区,植木町鐙田
8610123,クマモトケン,クマモトシキタク,ウエキマチアリズミ,熊本県,熊本市北区,植木町有泉
8610124,クマモトケン,クマモトシキタク,ウエキマチイシカワ,熊本県,熊本市北区,植木町石川
8610113,クマモトケン,クマモトシキタク,ウエキマチイチボウ,熊本県,熊本市北区,植木町伊知坊
8610104,クマモトケン,クマモトシキタク,ウエキマチイマフジ,熊本県,熊本市北区,植木町今藤
8610136,クマモトケン,クマモトシキタク,ウエキマチイワノ,熊本県,熊本市北区,植木町岩野
8610132,クマモトケン,クマモトシキタク,ウエキマチウエキ,熊本県,熊本市北区,植木町植木
8610152,クマモトケン,クマモトシキタク,ウエキマチウエコガ,熊本県,熊本市北区,植木町上古閑
8610156,クマモトケン,クマモトシキタク,ウエキマチウシロコガ,熊本県,熊本市北区,植木町後古閑
8610102,クマモトケン,クマモトシキタク,ウエキマチウチ,熊本県,熊本市北区,植木町内
8610153,クマモトケン,クマモトシキタク,ウエキマチエンダイジ,熊本県,熊本市北区,植木町円台寺
8610126,クマモトケン,クマモトシキタク,ウエキマチオオイ,熊本県,熊本市北区,植木町大井
8610145,クマモトケン,クマモトシキタク,ウエキマチオギサコ,熊本県,熊本市北区,植木町荻迫
8610125,クマモトケン,クマモトシキタク,ウエキマチオノ,熊本県,熊本市北区,植木町小野
8610127,クマモトケン,クマモトシキタク,ウエキマチカメコウ,熊本県,熊本市北区,植木町亀甲
8610151,クマモトケン,クマモトシキタク,ウエキマチキトメ,熊本県,熊本市北区,植木町木留
8610103,クマモトケン,クマモトシキタク,ウエキマチキヨミズ,熊本県,熊本市北区,植木町清水
8610161,クマモトケン,クマモトシキタク,ウエキマチクラカケ,熊本県,熊本市北区,植木町鞍掛
8610122,クマモトケン,クマモトシキタク,ウエキマチコガ,熊本県,熊本市北区,植木町古閑
8610116,クマモトケン,クマモトシキタク,ウエキマチシキデ,熊本県,熊本市北区,植木町色出
8610117,クマモトケン,クマモトシキタク,ウエキマチショウセイ,熊本県,熊本市北区,植木町正清
8610164,クマモトケン,クマモトシキタク,ウエキマチスズムギ,熊本県,熊本市北区,植木町鈴麦
8610143,クマモトケン,クマモトシキタク,ウエキマチダイワ,熊本県,熊本市北区,植木町大和
8610112,クマモトケン,クマモトシキタク,ウエキマチタソコ,熊本県,熊本市北区,植木町田底
8610133,クマモトケン,クマモトシキタク,ウエキマチタルミズ,熊本県,熊本市北区,植木町滴水
8610155,クマモトケン,クマモトシキタク,ウエキマチトドロキ,熊本県,熊本市北区,植木町轟
8610162,クマモトケン,クマモトシキタク,ウエキマチトミオウ,熊本県,熊本市北区,植木町富応
8610163,クマモトケン,クマモトシキタク,ウエキマチトヨオカ,熊本県,熊本市北区,植木町豊岡
8610106,クマモトケン,クマモトシキタク,ウエキマチトヨダ,熊本県,熊本市北区,植木町豊田
8610141,クマモトケン,クマモトシキタク,ウエキマチナタツカ,熊本県,熊本市北区,植木町投刀塚
8610154,クマモトケン,クマモトシキタク,ウエキマチナチ,熊本県,熊本市北区,植木町那知
8610135,クマモトケン,クマモトシキタク,ウエキマチヒトツギ,熊本県,熊本市北区,植木町一木
8610121,クマモトケン,クマモトシキタク,ウエキマチヒライ,熊本県,熊本市北区,植木町平井
8610144,クマモトケン,クマモトシキタク,ウエキマチヒラノ,熊本県,熊本市北区,植木町平野
8610165,クマモトケン,クマモトシキタク,ウエキマチヒラバル,熊本県,熊本市北区,植木町平原
8610131,クマモトケン,クマモトシキタク,ウエキマチヒロズミ,熊本県,熊本市北区,植木町広住
8610114,クマモトケン,クマモトシキタク,ウエキマチフナジマ,熊本県,熊本市北区,植木町舟島
8610146,クマモトケン,クマモトシキタク,ウエキマチヘタノ,熊本県,熊本市北区,植木町辺田野
8610105,クマモトケン,クマモトシキタク,ウエキマチミトリ,熊本県,熊本市北区,植木町味取
8610111,クマモトケン,クマモトシキタク,ウエキマチミヤバル,熊本県,熊本市北区,植木町宮原
8610134,クマモトケン,クマモトシキタク,ウエキマチモウノ,熊本県,熊本市北区,植木町舞尾
8610101,クマモトケン,クマモトシキタク,ウエキマチヤマモト,熊本県,熊本市北区,植木町山本
8610115,クマモトケン,クマモトシキタク,ウエキマチヨネツカ,熊本県,熊本市北区,植木町米塚
8618082,クマモトケン,クマモトシキタク,ウサギダニ,熊本県,熊本市北区,兎谷
8600086,クマモトケン,クマモトシキタク,ウチゴシマチ,熊本県,熊本市北区,打越町
8600083,クマモトケン,クマモトシキタク,オオクボ,熊本県,熊本市北区,大窪
8615502,クマモトケン,クマモトシキタク,オオトリイマチ,熊本県,熊本市北区,大鳥居町
8615512,クマモトケン,クマモトシキタク,カジオマチ,熊本県,熊本市北区,梶尾町
8615521,クマモトケン,クマモトシキタク,カノコギマチ,熊本県,熊本市北区,鹿子木町
8615534,クマモトケン,クマモトシキタク,カマオマチ,熊本県,熊本市北区,釜尾町
8615531,クマモトケン,クマモトシキタク,キタザコマチ,熊本県,熊本市北区,北迫町
8618003,クマモトケン,クマモトシキタク,クスノキ,熊本県,熊本市北区,楠
8615511,クマモトケン,クマモトシキタク,クスノマチ,熊本県,熊本市北区,楠野町
8600862,クマモトケン,クマモトシキタク,クロカミ,熊本県,熊本市北区,黒髪
8600861,クマモトケン,クマモトシキタク,クロカミマチツボイ,熊本県,熊本市北区,黒髪町坪井
8615504,クマモトケン,クマモトシキタク,コイトヤママチ,熊本県,熊本市北区,小糸山町
8618084,クマモトケン,クマモトシキタク,シミズイワクラ,熊本県,熊本市北区,清水岩倉
8618066,クマモトケン,クマモトシキタク,シミズカメイマチ,熊本県,熊本市北区,清水亀井町
8618075,クマモトケン,クマモトシキタク,シミズシンチ,熊本県,熊本市北区,清水新地
8618065,クマモトケン,クマモトシキタク,シミズヒガシマチ,熊本県,熊本市北区,清水東町
8618074,クマモトケン,クマモトシキタク,シミズホンマチ,熊本県,熊本市北区,清水本町
8618068,クマモトケン,クマモトシキタク,シミズマンゴク,熊本県,熊本市北区,清水万石
8600087,クマモトケン,クマモトシキタク,シミズマチウチゴシ,熊本県,熊本市北区,清水町打越
8618073,クマモトケン,クマモトシキタク,シミズマチマツザキ,熊本県,熊本市北区,清水町松崎
8618071,クマモトケン,クマモトシキタク,シミズマチムロゾノ,熊本県,熊本市北区,清水町室園
8615526,クマモトケン,クマモトシキタク,シモスズリカワ,熊本県,熊本市北区,下硯川
8615522,クマモトケン,クマモトシキタク,シモスズリカワマチ,熊本県,熊本市北区,下硯川町
8615524,クマモトケン,クマモトシキタク,スズリカワマチ,熊本県,熊本市北区,硯川町
8600085,クマモトケン,クマモトシキタク,タカヒラ,熊本県,熊本市北区,高平
8618006,クマモトケン,クマモトシキタク,タツダ,熊本県,熊本市北区,龍田
8618005,クマモトケン,クマモトシキタク,タツダジンナイ,熊本県,熊本市北区,龍田陳内
8618007,クマモトケン,クマモトシキタク,タツダユゲ,熊本県,熊本市北区,龍田弓削
8615532,クマモトケン,クマモトシキタク,タロウザコマチ,熊本県,熊本市北区,太郎迫町
8600088,クマモトケン,クマモトシキタク,ツノウラマチ,熊本県,熊本市北区,津浦町
8615517,クマモトケン,クマモトシキタク,ツルハダ,熊本県,熊本市北区,鶴羽田
8615513,クマモトケン,クマモトシキタク,ツルハダマチ,熊本県,熊本市北区,鶴羽田町
8615525,クマモトケン,クマモトシキタク,トクオウ,熊本県,熊本市北区,徳王
8615523,クマモトケン,クマモトシキタク,トクオウマチ,熊本県,熊本市北区,徳王町
8615516,クマモトケン,クマモトシキタク,ニシカジオマチ,熊本県,熊本市北区,西梶尾町
8618083,クマモトケン,クマモトシキタク,ニレノキ,熊本県,熊本市北区,楡木
8618064,クマモトケン,クマモトシキタク,ハケノミヤ,熊本県,熊本市北区,八景水谷
8615514,クマモトケン,クマモトシキタク,ヒダ,熊本県,熊本市北区,飛田
8615537,クマモトケン,クマモトシキタク,マンラクジマチ,熊本県,熊本市北区,万楽寺町
8615535,クマモトケン,クマモトシキタク,ミツグマチ,熊本県,熊本市北区,貢町
8618001,クマモトケン,クマモトシキタク,ムサシガオカ,熊本県,熊本市北区,武蔵ケ丘
8618072,クマモトケン,クマモトシキタク,ムロゾノマチ,熊本県,熊本市北区,室園町
8615503,クマモトケン,クマモトシキタク,メイトクマチ,熊本県,熊本市北区,明徳町
8600084,クマモトケン,クマモトシキタク,ヤマムロ,熊本県,熊本市北区,山室
8618002,クマモトケン,クマモトシキタク,ユゲ,熊本県,熊本市北区,弓削
8615515,クマモトケン,クマモトシキタク,ヨモギマチ,熊本県,熊本市北区,四方寄町
8615536,クマモトケン,クマモトシキタク,リュウフクジマチ,熊本県,熊本市北区,立福寺町
8660000,クマモトケン,ヤツシロシ,イカニケイサイガナイバアイ,熊本県,八代市,以下に掲載がない場合
8695152,クマモトケン,ヤツシロシ,アゲマチ,熊本県,八代市,揚町
8660844,クマモトケン,ヤツシロシ,アサヒチュウオウドオリ,熊本県,八代市,旭中央通
8660893,クマモトケン,ヤツシロシ,アマガエマチ,熊本県,八代市,海士江町
8660011,クマモトケン,ヤツシロシ,イアゲマチ,熊本県,八代市,井揚町
8694501,クマモトケン,ヤツシロシ,イズミマチカキザコ(8628バンチ),熊本県,八代市,泉町柿迫（８６２８番地）
8694401,クマモトケン,ヤツシロシ,イズミマチカキザコ(ソノタ),熊本県,八代市,泉町柿迫（その他）
8694402,クマモトケン,ヤツシロシ,イズミマチクリギ,熊本県,八代市,泉町栗木
8694513,クマモトケン,ヤツシロシ,イズミマチクレコ,熊本県,八代市,泉町久連子
8694514,クマモトケン,ヤツシロシ,イズミマチシイバル,熊本県,八代市,泉町椎原
8694403,クマモトケン,ヤツシロシ,イズミマチシモダケ,熊本県,八代市,泉町下岳
8694515,クマモトケン,ヤツシロシ,イズミマチニタオ,熊本県,八代市,泉町仁田尾
8694511,クマモトケン,ヤツシロシ,イズミマチハギ,熊本県,八代市,泉町葉木
8694512,クマモトケン,ヤツシロシ,イズミマチモミギ,熊本県,八代市,泉町樅木
8660825,クマモトケン,ヤツシロシ,イノウエマチ,熊本県,八代市,井上町
8660081,クマモトケン,ヤツシロシ,ウヤナギカミマチ,熊本県,八代市,植柳上町
8660083,クマモトケン,ヤツシロシ,ウヤナギシモマチ,熊本県,八代市,植柳下町
8660084,クマモトケン,ヤツシロシ,ウヤナギシンマチ,熊本県,八代市,植柳新町
8660085,クマモトケン,ヤツシロシ,ウヤナギモトマチ,熊本県,八代市,植柳元町
8660035,クマモトケン,ヤツシロシ,オオシママチ,熊本県,八代市,大島町
8660852,クマモトケン,ヤツシロシ,オオテマチ,熊本県,八代市,大手町
8660895,クマモトケン,ヤツシロシ,オオムラマチ,熊本県,八代市,大村町
8694611,クマモトケン,ヤツシロシ,オカマチショウジ,熊本県,八代市,岡町小路
8694613,クマモトケン,ヤツシロシ,オカマチタニガワ,熊本県,八代市,岡町谷川
8694612,クマモトケン,ヤツシロシ,オカマチナカ,熊本県,八代市,岡町中
8660013,クマモトケン,ヤツシロシ,オキマチ,熊本県,八代市,沖町
8694213,クマモトケン,ヤツシロシ,カガミマチアリサ,熊本県,八代市,鏡町有佐
8694202,クマモトケン,ヤツシロシ,カガミマチウチダ,熊本県,八代市,鏡町内田
8694223,クマモトケン,ヤツシロシ,カガミマチカイズ,熊本県,八代市,鏡町貝洲
8694203,クマモトケン,ヤツシロシ,カガミマチカガミ,熊本県,八代市,鏡町鏡
8694201,クマモトケン,ヤツシロシ,カガミマチカガミムラ,熊本県,八代市,鏡町鏡村
8694211,クマモトケン,ヤツシロシ,カガミマチカミカガミ,熊本県,八代市,鏡町上鏡
8694225,クマモトケン,ヤツシロシ,カガミマチキタシンチ,熊本県,八代市,鏡町北新地
8694224,クマモトケン,ヤツシロシ,カガミマチシオハマ,熊本県,八代市,鏡町塩浜
8694204,クマモトケン,ヤツシロシ,カガミマチシバクチ,熊本県,八代市,鏡町芝口
8694212,クマモトケン,ヤツシロシ,カガミマチシモアリサ,熊本県,八代市,鏡町下有佐
8694215,クマモトケン,ヤツシロシ,カガミマチシモムラ,熊本県,八代市,鏡町下村
8694214,クマモトケン,ヤツシロシ,カガミマチナカシマ,熊本県,八代市,鏡町中島
8694205,クマモトケン,ヤツシロシ,カガミマチノザキ,熊本県,八代市,鏡町野崎
8694221,クマモトケン,ヤツシロシ,カガミマチホウデ,熊本県,八代市,鏡町宝出
8694222,クマモトケン,ヤツシロシ,カガミマチリョウデ,熊本県,八代市,鏡町両出
8660813,クマモトケン,ヤツシロシ,カミカタマチ,熊本県,八代市,上片町
8660824,クマモトケン,ヤツシロシ,カミヒオキマチ,熊本県,八代市,上日置町
8694615,クマモトケン,ヤツシロシ,カワタマチヒガシ,熊本県,八代市,川田町東
8694616,クマモトケン,ヤツシロシ,カワタマチニシ,熊本県,八代市,川田町西
8660865,クマモトケン,ヤツシロシ,キタノマルマチ,熊本県,八代市,北の丸町
8695162,クマモトケン,ヤツシロシ,キタバラマチ,熊本県,八代市,北原町
8695166,クマモトケン,ヤツシロシ,キタヘイワマチ,熊本県,八代市,北平和町
8660024,クマモトケン,ヤツシロシ,グンチク1バンチョウ,熊本県,八代市,郡築一番町
8660023,クマモトケン,ヤツシロシ,グンチク2バンチョウ,熊本県,八代市,郡築二番町
8660022,クマモトケン,ヤツシロシ,グンチク3バンチョウ,熊本県,八代市,郡築三番町
8660021,クマモトケン,ヤツシロシ,グンチク4バンチョウ,熊本県,八代市,郡築四番町
8660008,クマモトケン,ヤツシロシ,グンチク5バンチョウ,熊本県,八代市,郡築五番町
8660007,クマモトケン,ヤツシロシ,グンチク6バンチョウ,熊本県,八代市,郡築六番町
8660006,クマモトケン,ヤツシロシ,グンチク7バンチョウ,熊本県,八代市,郡築七番町
8660005,クマモトケン,ヤツシロシ,グンチク8バンチョウ,熊本県,八代市,郡築八番町
8660004,クマモトケン,ヤツシロシ,グンチク9バンチョウ,熊本県,八代市,郡築九番町
8660003,クマモトケン,ヤツシロシ,グンチク10バンチョウ,熊本県,八代市,郡築十番町
8660002,クマモトケン,ヤツシロシ,グンチク11バンチョウ,熊本県,八代市,郡築十一番町
8660001,クマモトケン,ヤツシロシ,グンチク12バンチョウ,熊本県,八代市,郡築十二番町
8660071,クマモトケン,ヤツシロシ,コウゲヒガシマチ,熊本県,八代市,高下東町
8660072,クマモトケン,ヤツシロシ,コウゲニシマチ,熊本県,八代市,高下西町
8660881,クマモトケン,ヤツシロシ,コウコクマチ,熊本県,八代市,興国町
8660012,クマモトケン,ヤツシロシ,コウゴバラマチ,熊本県,八代市,高小原町
8660894,クマモトケン,ヤツシロシ,コウズケマチ,熊本県,八代市,上野町
8694614,クマモトケン,ヤツシロシ,コウゼンジマチ,熊本県,八代市,興善寺町
8660897,クマモトケン,ヤツシロシ,コガカミマチ,熊本県,八代市,古閑上町
8660898,クマモトケン,ヤツシロシ,コガナカマチ,熊本県,八代市,古閑中町
8660892,クマモトケン,ヤツシロシ,コガシモマチ,熊本県,八代市,古閑下町
8660891,クマモトケン,ヤツシロシ,コガハママチ,熊本県,八代市,古閑浜町
8660845,クマモトケン,ヤツシロシ,コガネチョウ,熊本県,八代市,黄金町
8696104,クマモトケン,ヤツシロシ,サカモトマチアユガエリ,熊本県,八代市,坂本町鮎帰
8696115,クマモトケン,ヤツシロシ,サカモトマチアラセ,熊本県,八代市,坂本町荒瀬
8696114,クマモトケン,ヤツシロシ,サカモトマチイチノマタ,熊本県,八代市,坂本町市ノ俣
8696112,クマモトケン,ヤツシロシ,サカモトマチカマセ,熊本県,八代市,坂本町鎌瀬
8695221,クマモトケン,ヤツシロシ,サカモトマチカワタケ,熊本県,八代市,坂本町川嶽
8695225,クマモトケン,ヤツシロシ,サカモトマチクダラギカミ,熊本県,八代市,坂本町百済来上
8695224,クマモトケン,ヤツシロシ,サカモトマチクダラギシモ,熊本県,八代市,坂本町百済来下
8696101,クマモトケン,ヤツシロシ,サカモトマチサイブ,熊本県,八代市,坂本町西部
8696105,クマモトケン,ヤツシロシ,サカモトマチサカモト,熊本県,八代市,坂本町坂本
8695223,クマモトケン,ヤツシロシ,サカモトマチタガミ,熊本県,八代市,坂本町田上
8695222,クマモトケン,ヤツシロシ,サカモトマチツルバミ,熊本県,八代市,坂本町鶴喰
8696103,クマモトケン,ヤツシロシ,サカモトマチナカタニ,熊本県,八代市,坂本町中谷
8696113,クマモトケン,ヤツシロシ,サカモトマチナカツミチ,熊本県,八代市,坂本町中津道
8696111,クマモトケン,ヤツシロシ,サカモトマチハギ,熊本県,八代市,坂本町葉木
8696102,クマモトケン,ヤツシロシ,サカモトマチフカミ,熊本県,八代市,坂本町深水
8660017,クマモトケン,ヤツシロシ,サンラクチョウ,熊本県,八代市,三楽町
8660864,クマモトケン,ヤツシロシ,シオヤマチ,熊本県,八代市,塩屋町
8695151,クマモトケン,ヤツシロシ,シキガワチマチ,熊本県,八代市,敷川内町
8660827,クマモトケン,ヤツシロシ,シマダマチ,熊本県,八代市,島田町
8660853,クマモトケン,ヤツシロシ,シミズマチ,熊本県,八代市,清水町
8660042,クマモトケン,ヤツシロシ,ジャカゴマチ,熊本県,八代市,蛇籠町
8660823,クマモトケン,ヤツシロシ,ジュウジョウマチ,熊本県,八代市,十条町
8694723,クマモトケン,ヤツシロシ,ショウワドウジンマチ,熊本県,八代市,昭和同仁町
8694721,クマモトケン,ヤツシロシ,ショウワニッシンマチ,熊本県,八代市,昭和日進町
8694722,クマモトケン,ヤツシロシ,ショウワメイチョウマチ,熊本県,八代市,昭和明徴町
8660032,クマモトケン,ヤツシロシ,シンカイマチ,熊本県,八代市,新開町
8660016,クマモトケン,ヤツシロシ,シンチマチ,熊本県,八代市,新地町
8660031,クマモトケン,ヤツシロシ,シンハママチ,熊本県,八代市,新浜町
8660854,クマモトケン,ヤツシロシ,シンマチ,熊本県,八代市,新町
8660034,クマモトケン,ヤツシロシ,シンミナトマチ,熊本県,八代市,新港町
8660832,クマモトケン,ヤツシロシ,スエヒロチョウ,熊本県,八代市,末広町
8660053,クマモトケン,ヤツシロシ,センダンマチ,熊本県,八代市,千反町
8660054,クマモトケン,ヤツシロシ,センダンマチ,熊本県,八代市,栴檀町
8694701,クマモトケン,ヤツシロシ,センチョウマチオオムタ,熊本県,八代市,千丁町太牟田
8694704,クマモトケン,ヤツシロシ,センチョウマチコガデ,熊本県,八代市,千丁町古閑出
8694703,クマモトケン,ヤツシロシ,センチョウマチシンムタ,熊本県,八代市,千丁町新牟田
8694702,クマモトケン,ヤツシロシ,センチョウマチヨシオウマル,熊本県,八代市,千丁町吉王丸
8695164,クマモトケン,ヤツシロシ,ソゾウマチ,熊本県,八代市,鼠蔵町
8660082,クマモトケン,ヤツシロシ,ダイフクジマチ,熊本県,八代市,大福寺町
8695154,クマモトケン,ヤツシロシ,タカウエホンマチ,熊本県,八代市,高植本町
8660014,クマモトケン,ヤツシロシ,タカシママチ,熊本県,八代市,高島町
8660866,クマモトケン,ヤツシロシ,タカツジマチ,熊本県,八代市,鷹辻町
8660826,クマモトケン,ヤツシロシ,タケハラマチ,熊本県,八代市,竹原町
8660045,クマモトケン,ヤツシロシ,タテウママチ,熊本県,八代市,建馬町
8660871,クマモトケン,ヤツシロシ,タナカヒガシマチ,熊本県,八代市,田中東町
8660876,クマモトケン,ヤツシロシ,タナカニシマチ,熊本県,八代市,田中西町
8660877,クマモトケン,ヤツシロシ,タナカキタマチ,熊本県,八代市,田中北町
8660872,クマモトケン,ヤツシロシ,タナカマチ,熊本県,八代市,田中町
8660015,クマモトケン,ヤツシロシ,ツキゾエマチ,熊本県,八代市,築添町
8660857,クマモトケン,ヤツシロシ,デマチ,熊本県,八代市,出町
8694303,クマモトケン,ヤツシロシ,トウヨウマチカワマタ,熊本県,八代市,東陽町河俣
8694302,クマモトケン,ヤツシロシ,トウヨウマチキタ,熊本県,八代市,東陽町北
8694304,クマモトケン,ヤツシロシ,トウヨウマチコウラ,熊本県,八代市,東陽町小浦
8694301,クマモトケン,ヤツシロシ,トウヨウマチミナミ,熊本県,八代市,東陽町南
8660856,クマモトケン,ヤツシロシ,トオリチョウ,熊本県,八代市,通町
8660812,クマモトケン,ヤツシロシ,ナカカタマチ,熊本県,八代市,中片町
8660044,クマモトケン,ヤツシロシ,ナカキタマチ,熊本県,八代市,中北町
8660885,クマモトケン,ヤツシロシ,ナガイカリマチ,熊本県,八代市,永碇町
8660815,クマモトケン,ヤツシロシ,ナガタマチ,熊本県,八代市,長田町
8660064,クマモトケン,ヤツシロシ,ナラギマチ,熊本県,八代市,奈良木町
8660811,クマモトケン,ヤツシロシ,ニシカタマチ,熊本県,八代市,西片町
8660834,クマモトケン,ヤツシロシ,ニシキチョウ,熊本県,八代市,錦町
8660863,クマモトケン,ヤツシロシ,ニシマツエジョウマチ,熊本県,八代市,西松江城町
8660804,クマモトケン,ヤツシロシ,ニシミヤマチ,熊本県,八代市,西宮町
8660831,クマモトケン,ヤツシロシ,ハギワラマチ,熊本県,八代市,萩原町
8660041,クマモトケン,ヤツシロシ,ハチマンチョウ,熊本県,八代市,八幡町
8660843,クマモトケン,ヤツシロシ,ハナゾノチョウ,熊本県,八代市,花園町
8660896,クマモトケン,ヤツシロシ,ヒオキマチ,熊本県,八代市,日置町
8660814,クマモトケン,ヤツシロシ,ヒガシカタマチ,熊本県,八代市,東片町
8660801,クマモトケン,ヤツシロシ,ヒガシマチ,熊本県,八代市,東町
8660851,クマモトケン,ヤツシロシ,ビシャマルマチ,熊本県,八代市,毘舎丸町
8695146,クマモトケン,ヤツシロシ,ヒナグオオツボマチ,熊本県,八代市,日奈久大坪町
8695134,クマモトケン,ヤツシロシ,ヒナグカミニシマチ,熊本県,八代市,日奈久上西町
8695133,クマモトケン,ヤツシロシ,ヒナグナカニシマチ,熊本県,八代市,日奈久中西町
8695132,クマモトケン,ヤツシロシ,ヒナグシモニシマチ,熊本県,八代市,日奈久下西町
8695148,クマモトケン,ヤツシロシ,ヒナグサカエマチ,熊本県,八代市,日奈久栄町
8695141,クマモトケン,ヤツシロシ,ヒナグシオミナミマチ,熊本県,八代市,日奈久塩南町
8695142,クマモトケン,ヤツシロシ,ヒナグシオキタマチ,熊本県,八代市,日奈久塩北町
8695147,クマモトケン,ヤツシロシ,ヒナグシンカイマチ,熊本県,八代市,日奈久新開町
8695145,クマモトケン,ヤツシロシ,ヒナグシンデンマチ,熊本県,八代市,日奈久新田町
8695143,クマモトケン,ヤツシロシ,ヒナグタケノウチマチ,熊本県,八代市,日奈久竹之内町
8695135,クマモトケン,ヤツシロシ,ヒナグナカマチ,熊本県,八代市,日奈久中町
8695137,クマモトケン,ヤツシロシ,ヒナグハママチ,熊本県,八代市,日奈久浜町
8695136,クマモトケン,ヤツシロシ,ヒナグヒガシマチ,熊本県,八代市,日奈久東町
8695138,クマモトケン,ヤツシロシ,ヒナグヘイセイマチ,熊本県,八代市,日奈久平成町
8695131,クマモトケン,ヤツシロシ,ヒナグマゴシマチ,熊本県,八代市,日奈久馬越町
8695144,クマモトケン,ヤツシロシ,ヒナグヤマシタマチ,熊本県,八代市,日奈久山下町
8660074,クマモトケン,ヤツシロシ,ヒラヤマシンマチ,熊本県,八代市,平山新町
8660063,クマモトケン,ヤツシロシ,ブイワラカミマチ,熊本県,八代市,豊原上町
8660062,クマモトケン,ヤツシロシ,ブイワラナカマチ,熊本県,八代市,豊原中町
8660065,クマモトケン,ヤツシロシ,ブイワラシモマチ,熊本県,八代市,豊原下町
8660821,クマモトケン,ヤツシロシ,フクショウマチ,熊本県,八代市,福正町
8660822,クマモトケン,ヤツシロシ,フクショウモトマチ,熊本県,八代市,福正元町
8660855,クマモトケン,ヤツシロシ,フクロマチ,熊本県,八代市,袋町
8695173,クマモトケン,ヤツシロシ,フタミアカマツマチ,熊本県,八代市,二見赤松町
8695174,クマモトケン,ヤツシロシ,フタミシモオオノマチ,熊本県,八代市,二見下大野町
8695171,クマモトケン,ヤツシロシ,フタミスグチマチ,熊本県,八代市,二見洲口町
8695175,クマモトケン,ヤツシロシ,フタミノタザキマチ,熊本県,八代市,二見野田崎町
8695172,クマモトケン,ヤツシロシ,フタミホンマチ,熊本県,八代市,二見本町
8660043,クマモトケン,ヤツシロシ,フルシロマチ,熊本県,八代市,古城町
8660803,クマモトケン,ヤツシロシ,フルフモトマチ,熊本県,八代市,古麓町
8660073,クマモトケン,ヤツシロシ,ホンノマチ,熊本県,八代市,本野町
8660861,クマモトケン,ヤツシロシ,ホンマチ,熊本県,八代市,本町
8660862,クマモトケン,ヤツシロシ,マツエジョウマチ,熊本県,八代市,松江城町
8660882,クマモトケン,ヤツシロシ,マツエホンマチ,熊本県,八代市,松江本町
8660883,クマモトケン,ヤツシロシ,マツエマチ,熊本県,八代市,松江町
8660884,クマモトケン,ヤツシロシ,マツザキマチ,熊本県,八代市,松崎町
8695155,クマモトケン,ヤツシロシ,ミズシママチ,熊本県,八代市,水島町
8695163,クマモトケン,ヤツシロシ,ミツエゴマチ,熊本県,八代市,三江湖町
8660841,クマモトケン,ヤツシロシ,ミドリチョウ,熊本県,八代市,緑町
8660033,クマモトケン,ヤツシロシ,ミナトマチ,熊本県,八代市,港町
8695165,クマモトケン,ヤツシロシ,ミナミヘイワマチ,熊本県,八代市,南平和町
8660805,クマモトケン,ヤツシロシ,ミヤジマチ,熊本県,八代市,宮地町
8660802,クマモトケン,ヤツシロシ,ミョウケンマチ,熊本県,八代市,妙見町
8660055,クマモトケン,ヤツシロシ,ムカエマチ,熊本県,八代市,迎町
8660051,クマモトケン,ヤツシロシ,ムギシマヒガシマチ,熊本県,八代市,麦島東町
8660052,クマモトケン,ヤツシロシ,ムギシマニシマチ,熊本県,八代市,麦島西町
8695153,クマモトケン,ヤツシロシ,モヤイマチ,熊本県,八代市,催合町
8660846,クマモトケン,ヤツシロシ,ヤヨイチョウ,熊本県,八代市,弥生町
8660833,クマモトケン,ヤツシロシ,ユウバチョウ,熊本県,八代市,夕葉町
8660875,クマモトケン,ヤツシロシ,ヨコテシンマチ,熊本県,八代市,横手新町
8660874,クマモトケン,ヤツシロシ,ヨコテホンマチ,熊本県,八代市,横手本町
8660873,クマモトケン,ヤツシロシ,ヨコテマチ,熊本県,八代市,横手町
8695161,クマモトケン,ヤツシロシ,ヨシムタマチ,熊本県,八代市,葭牟田町
8660842,クマモトケン,ヤツシロシ,ワカクサチョウ,熊本県,八代市,若草町
8660061,クマモトケン,ヤツシロシ,ワタシマチ,熊本県,八代市,渡町
8680000,クマモトケン,ヒトヨシシ,イカニケイサイガナイバアイ,熊本県,人吉市,以下に掲載がない場合
8680825,クマモトケン,ヒトヨシシ,アカイケハラマチ,熊本県,人吉市,赤池原町
8680824,クマモトケン,ヒトヨシシ,アカイケミズナシマチ,熊本県,人吉市,赤池水無町
8680035,クマモトケン,ヒトヨシシ,イツカマチ,熊本県,人吉市,五日町
8680027,クマモトケン,ヒトヨシシ,イノクチマチ,熊本県,人吉市,井ノ口町
8680047,クマモトケン,ヒトヨシシ,ウエハラマチ,熊本県,人吉市,上原町
8680053,クマモトケン,ヒトヨシシ,オイカミマチ,熊本県,人吉市,老神町
8680812,クマモトケン,ヒトヨシシ,オオノマチ,熊本県,人吉市,大野町
8680811,クマモトケン,ヒトヨシシ,オコバフモトマチ,熊本県,人吉市,大畑麓町
8680803,クマモトケン,ヒトヨシシ,オコバマチ,熊本県,人吉市,大畑町
8680021,クマモトケン,ヒトヨシシ,オニキマチ,熊本県,人吉市,鬼木町
8680084,クマモトケン,ヒトヨシシ,オンセンマチ,熊本県,人吉市,温泉町
8680001,クマモトケン,ヒトヨシシ,カジヤマチ,熊本県,人吉市,鍛冶屋町
8680078,クマモトケン,ヒトヨシシ,カナメマチ,熊本県,人吉市,鹿目町
8680005,クマモトケン,ヒトヨシシ,カミアオイマチ,熊本県,人吉市,上青井町
8680821,クマモトケン,ヒトヨシシ,カミウルシダマチ,熊本県,人吉市,上漆田町
8680013,クマモトケン,ヒトヨシシ,カミサツマゼマチ,熊本県,人吉市,上薩摩瀬町
8680032,クマモトケン,ヒトヨシシ,カミシンマチ,熊本県,人吉市,上新町
8680801,クマモトケン,ヒトヨシシ,カミタシロマチ,熊本県,人吉市,上田代町
8680076,クマモトケン,ヒトヨシシ,カミトゴエマチ,熊本県,人吉市,上戸越町
8680073,クマモトケン,ヒトヨシシ,カミナガノマチ,熊本県,人吉市,上永野町
8680081,クマモトケン,ヒトヨシシ,カミバヤシマチ,熊本県,人吉市,上林町
8680087,クマモトケン,ヒトヨシシ,カミハラダマチ,熊本県,人吉市,上原田町
8680025,クマモトケン,ヒトヨシシ,カワラヤマチ,熊本県,人吉市,瓦屋町
8680022,クマモトケン,ヒトヨシシ,ガンジョウジマチ,熊本県,人吉市,願成寺町
8680042,クマモトケン,ヒトヨシシ,ガンツクリマチ,熊本県,人吉市,蟹作町
8680063,クマモトケン,ヒトヨシシ,キジヤマチ,熊本県,人吉市,木地屋町
8680023,クマモトケン,ヒトヨシシ,キタイズミダマチ,熊本県,人吉市,北泉田町
8680022,クマモトケン,ヒトヨシシ,キタガンジョウジマチ,熊本県,人吉市,北願成寺町
8680026,クマモトケン,ヒトヨシシ,ゴウノハルマチ,熊本県,人吉市,合ノ原町
8680003,クマモトケン,ヒトヨシシ,コウヤマチ,熊本県,人吉市,紺屋町
8680004,クマモトケン,ヒトヨシシ,ココノカマチ,熊本県,人吉市,九日町
8680062,クマモトケン,ヒトヨシシ,コブツチョウマチ,熊本県,人吉市,古仏頂町
8680006,クマモトケン,ヒトヨシシ,コマイダマチ,熊本県,人吉市,駒井田町
8680012,クマモトケン,ヒトヨシシ,サガラマチ,熊本県,人吉市,相良町
8680041,クマモトケン,ヒトヨシシ,シチチマチ,熊本県,人吉市,七地町
8680007,クマモトケン,ヒトヨシシ,シモアオイマチ,熊本県,人吉市,下青井町
8680822,クマモトケン,ヒトヨシシ,シモウルシダマチ,熊本県,人吉市,下漆田町
8680014,クマモトケン,ヒトヨシシ,シモサツマゼマチ,熊本県,人吉市,下薩摩瀬町
8680015,クマモトケン,ヒトヨシシ,シモシロモトマチ,熊本県,人吉市,下城本町
8680033,クマモトケン,ヒトヨシシ,シモシンマチ,熊本県,人吉市,下新町
8680802,クマモトケン,ヒトヨシシ,シモタシロマチ,熊本県,人吉市,下田代町
8680077,クマモトケン,ヒトヨシシ,シモトゴエマチ,熊本県,人吉市,下戸越町
8680074,クマモトケン,ヒトヨシシ,シモナガノマチ,熊本県,人吉市,下永野町
8680086,クマモトケン,ヒトヨシシ,シモハラダマチ,熊本県,人吉市,下原田町
8680083,クマモトケン,ヒトヨシシ,シモバヤシマチ,熊本県,人吉市,下林町
8680016,クマモトケン,ヒトヨシシ,シロモトマチ,熊本県,人吉市,城本町
8680052,クマモトケン,ヒトヨシシ,シンマチ,熊本県,人吉市,新町
8680002,クマモトケン,ヒトヨシシ,ダイクマチ,熊本県,人吉市,大工町
8680066,クマモトケン,ヒトヨシシ,タノマチ,熊本県,人吉市,田野町
8680054,クマモトケン,ヒトヨシシ,タマチ,熊本県,人吉市,田町
8680024,クマモトケン,ヒトヨシシ,ツルダマチ,熊本県,人吉市,鶴田町
8680056,クマモトケン,ヒトヨシシ,テラマチ,熊本県,人吉市,寺町
8680057,クマモトケン,ヒトヨシシ,ドテマチ,熊本県,人吉市,土手町
8680048,クマモトケン,ヒトヨシシ,トミガオマチ,熊本県,人吉市,富ケ尾町
8680008,クマモトケン,ヒトヨシシ,ナカアオイマチ,熊本県,人吉市,中青井町
8680085,クマモトケン,ヒトヨシシ,ナカガミチョウ,熊本県,人吉市,中神町
8680082,クマモトケン,ヒトヨシシ,ナカバヤシマチ,熊本県,人吉市,中林町
8680034,クマモトケン,ヒトヨシシ,ナヌカマチ,熊本県,人吉市,七日町
8680045,クマモトケン,ヒトヨシシ,ナミトコマチ,熊本県,人吉市,浪床町
8680071,クマモトケン,ヒトヨシシ,ニシアイダカミマチ,熊本県,人吉市,西間上町
8680072,クマモトケン,ヒトヨシシ,ニシアイダシモマチ,熊本県,人吉市,西間下町
8680065,クマモトケン,ヒトヨシシ,ニシオオツカマチ,熊本県,人吉市,西大塚町
8680036,クマモトケン,ヒトヨシシ,ニノマチ,熊本県,人吉市,二日町
8680058,クマモトケン,ヒトヨシシ,ハイクボマチ,熊本県,人吉市,灰久保町
8680046,クマモトケン,ヒトヨシシ,ハラノジョウマチ,熊本県,人吉市,原城町
8680043,クマモトケン,ヒトヨシシ,ヒガシアイダカミマチ,熊本県,人吉市,東間上町
8680044,クマモトケン,ヒトヨシシ,ヒガシアイダシモマチ,熊本県,人吉市,東間下町
8680823,クマモトケン,ヒトヨシシ,ヒガシウルシダマチ,熊本県,人吉市,東漆田町
8680064,クマモトケン,ヒトヨシシ,ヒガシオオツカマチ,熊本県,人吉市,東大塚町
8680051,クマモトケン,ヒトヨシシ,フモトマチ,熊本県,人吉市,麓町
8680011,クマモトケン,ヒトヨシシ,ホウライマチ,熊本県,人吉市,宝来町
8680037,クマモトケン,ヒトヨシシ,ミナミイズミダマチ,熊本県,人吉市,南泉田町
8680031,クマモトケン,ヒトヨシシ,ミナミガンジョウジチョウ,熊本県,人吉市,南願成寺町
8680055,クマモトケン,ヒトヨシシ,ミナミマチ,熊本県,人吉市,南町
8680061,クマモトケン,ヒトヨシシ,ミノノマチ,熊本県,人吉市,蓑野町
8680075,クマモトケン,ヒトヨシシ,ヤグロマチ,熊本県,人吉市,矢黒町
8680813,クマモトケン,ヒトヨシシ,ヤタケマチ,熊本県,人吉市,矢岳町
8640000,クマモトケン,アラオシ,イカニケイサイガナイバアイ,熊本県,荒尾市,以下に掲載がない場合
8640041,クマモトケン,アラオシ,アラオ,熊本県,荒尾市,荒尾
8640021,クマモトケン,アラオシ,イチブ,熊本県,荒尾市,一部
8640026,クマモトケン,アラオシ,ウシノミズ,熊本県,荒尾市,牛水
8640057,クマモトケン,アラオシ,オオシマ,熊本県,荒尾市,大島
8640051,クマモトケン,アラオシ,オオシママチ,熊本県,荒尾市,大島町
8640005,クマモトケン,アラオシ,オオヒラマチ,熊本県,荒尾市,大平町
8640058,クマモトケン,アラオシ,カイヨウチョウ,熊本県,荒尾市,海陽町
8640162,クマモトケン,アラオシ,カナヤマ,熊本県,荒尾市,金山
8640165,クマモトケン,アラオシ,カバ,熊本県,荒尾市,樺
8640013,クマモトケン,アラオシ,カミイデ,熊本県,荒尾市,上井手
8640014,クマモトケン,アラオシ,カミヒラヤマ,熊本県,荒尾市,上平山
8640031,クマモトケン,アラオシ,カワノボリ(1773-1979、1981-2010、2050-2100バンチ),熊本県,荒尾市,川登（１７７３～１９７９、１９８１～２０１０、２０５０～２１００番地）
8640131,クマモトケン,アラオシ,カワノボリ(ソノタ),熊本県,荒尾市,川登（その他）
8640004,クマモトケン,アラオシ,クナイ,熊本県,荒尾市,宮内
8640003,クマモトケン,アラオシ,クナイデメ,熊本県,荒尾市,宮内出目
8640027,クマモトケン,アラオシ,クラミツ,熊本県,荒尾市,蔵満
8640161,クマモトケン,アラオシ,コモヤ,熊本県,荒尾市,菰屋
8640022,クマモトケン,アラオシ,サクラヤママチ,熊本県,荒尾市,桜山町
8640011,クマモトケン,アラオシ,シモイデ,熊本県,荒尾市,下井手
8640056,クマモトケン,アラオシ,ショウワマチ,熊本県,荒尾市,昭和町
8640006,クマモトケン,アラオシ,スミヨシマチ,熊本県,荒尾市,住吉町
8640054,クマモトケン,アラオシ,タイショウマチ,熊本県,荒尾市,大正町
8640025,クマモトケン,アラオシ,タカハマ,熊本県,荒尾市,高浜
8640053,クマモトケン,アラオシ,ニシバルマチ,熊本県,荒尾市,西原町
8640163,クマモトケン,アラオシ,ノバラ,熊本県,荒尾市,野原
8640164,クマモトケン,アラオシ,ハチマンダイ,熊本県,荒尾市,八幡台
8640001,クマモトケン,アラオシ,ハラマンダ,熊本県,荒尾市,原万田
8640042,クマモトケン,アラオシ,ヒガシヤカタ,熊本県,荒尾市,東屋形
8640055,クマモトケン,アラオシ,ヒノデマチ,熊本県,荒尾市,日の出町
8640015,クマモトケン,アラオシ,ヒラヤマ,熊本県,荒尾市,平山
8640166,クマモトケン,アラオシ,フモト,熊本県,荒尾市,府本
8640012,クマモトケン,アラオシ,ホンイデ,熊本県,荒尾市,本井手
8640032,クマモトケン,アラオシ,マスナガ,熊本県,荒尾市,増永
8640002,クマモトケン,アラオシ,マンダ,熊本県,荒尾市,万田
8640023,クマモトケン,アラオシ,ミズノ,熊本県,荒尾市,水野
8640033,クマモトケン,アラオシ,ミドリガオカ,熊本県,荒尾市,緑ケ丘
8640052,クマモトケン,アラオシ,ヨツヤママチ,熊本県,荒尾市,四ツ山町
8670000,クマモトケン,ミナマタシ,イカニケイサイガナイバアイ,熊本県,水俣市,以下に掲載がない場合
8670044,クマモトケン,ミナマタシ,アサヒマチ,熊本県,水俣市,旭町
8670063,クマモトケン,ミナマタシ,アライキリマチ,熊本県,水俣市,洗切町
8670174,クマモトケン,ミナマタシ,イシザカガワ,熊本県,水俣市,石坂川
8670172,クマモトケン,ミナマタシ,イチワタセ,熊本県,水俣市,市渡瀬
8670056,クマモトケン,ミナマタシ,ウメドチョウ,熊本県,水俣市,梅戸町
8670036,クマモトケン,ミナマタシ,ウラガミチョウ,熊本県,水俣市,浦上町
8670032,クマモトケン,ミナマタシ,エゾエ,熊本県,水俣市,江添
8670022,クマモトケン,ミナマタシ,エナンチョウ,熊本県,水俣市,江南町
8670283,クマモトケン,ミナマタシ,オオカワ,熊本県,水俣市,大川
8670009,クマモトケン,ミナマタシ,オオサコ,熊本県,水俣市,大迫
8670042,クマモトケン,ミナマタシ,オオゾノチョウ,熊本県,水俣市,大園町
8670057,クマモトケン,ミナマタシ,ギオンチョウ,熊本県,水俣市,祇園町
8670281,クマモトケン,ミナマタシ,クギノ,熊本県,水俣市,久木野
8670173,クマモトケン,ミナマタシ,クズワタリ,熊本県,水俣市,葛渡
8670066,クマモトケン,ミナマタシ,コガマチ,熊本県,水俣市,古賀町
8670284,クマモトケン,ミナマタシ,コシコバ,熊本県,水俣市,越小場
8670012,クマモトケン,ミナマタシ,コジョウ,熊本県,水俣市,古城
8670001,クマモトケン,ミナマタシ,コツナギ,熊本県,水俣市,小津奈木
8670064,クマモトケン,ミナマタシ,サイワイマチ,熊本県,水俣市,幸町
8670059,クマモトケン,ミナマタシ,サカエマチ,熊本県,水俣市,栄町
8670045,クマモトケン,ミナマタシ,サクライチョウ,熊本県,水俣市,桜井町
8670007,クマモトケン,ミナマタシ,サクラガオカ,熊本県,水俣市,桜ケ丘
8670067,クマモトケン,ミナマタシ,シオハマチョウ,熊本県,水俣市,塩浜町
8670054,クマモトケン,ミナマタシ,シオミチョウ,熊本県,水俣市,汐見町
8670051,クマモトケン,ミナマタシ,ショウワマチ,熊本県,水俣市,昭和町
8670006,クマモトケン,ミナマタシ,シラハマチョウ,熊本県,水俣市,白浜町
8670011,クマモトケン,ミナマタシ,ジンナイ,熊本県,水俣市,陣内
8670016,クマモトケン,ミナマタシ,ススバル(サクラノ、サクラノウワバ、アシカリアカバヤシ),熊本県,水俣市,薄原（桜野、桜野上場、芦刈赤林）
8670116,クマモトケン,ミナマタシ,ススバル(ソノタ),熊本県,水俣市,薄原（その他）
8670043,クマモトケン,ミナマタシ,ダイコクチョウ,熊本県,水俣市,大黒町
8670048,クマモトケン,ミナマタシ,タタラチョウ,熊本県,水俣市,多々良町
8670062,クマモトケン,ミナマタシ,ツキジ,熊本県,水俣市,築地
8670035,クマモトケン,ミナマタシ,ツキノウラ,熊本県,水俣市,月浦
8670041,クマモトケン,ミナマタシ,テンジンチョウ,熊本県,水俣市,天神町
8670014,クマモトケン,ミナマタシ,ナカヅル,熊本県,水俣市,中鶴
8670033,クマモトケン,ミナマタシ,ナガサキ,熊本県,水俣市,長崎
8670024,クマモトケン,ミナマタシ,ナガノ,熊本県,水俣市,長野
8670013,クマモトケン,ミナマタシ,ナガノチョウ,熊本県,水俣市,長野町
8670023,クマモトケン,ミナマタシ,ナンプクジ,熊本県,水俣市,南福寺
8670053,クマモトケン,ミナマタシ,ノグチチョウ,熊本県,水俣市,野口町
8670031,クマモトケン,ミナマタシ,ハチノクボチョウ,熊本県,水俣市,八ノ窪町
8670061,クマモトケン,ミナマタシ,ハチマンチョウ,熊本県,水俣市,八幡町
8670002,クマモトケン,ミナマタシ,ハツノ,熊本県,水俣市,初野
8670008,クマモトケン,ミナマタシ,ハマ,熊本県,水俣市,浜
8670065,クマモトケン,ミナマタシ,ハママチ,熊本県,水俣市,浜町
8670068,クマモトケン,ミナマタシ,ハママツチョウ,熊本県,水俣市,浜松町
8670003,クマモトケン,ミナマタシ,ヒバリガオカ,熊本県,水俣市,ひばりケ丘
8670049,クマモトケン,ミナマタシ,ヒャクケンチョウ,熊本県,水俣市,百間町
8670021,クマモトケン,ミナマタシ,ヒラマチ,熊本県,水俣市,平町
8670015,クマモトケン,ミナマタシ,フカガワ,熊本県,水俣市,深川
8670034,クマモトケン,ミナマタシ,フクロ,熊本県,水俣市,袋
8670282,クマモトケン,ミナマタシ,フルサト,熊本県,水俣市,古里
8670171,クマモトケン,ミナマタシ,ホウガワチ,熊本県,水俣市,宝川内
8670005,クマモトケン,ミナマタシ,マキノウチ,熊本県,水俣市,牧ノ内
8670058,クマモトケン,ミナマタシ,マルシマチョウ,熊本県,水俣市,丸島町
8670047,クマモトケン,ミナマタシ,ミドリガオカ,熊本県,水俣市,緑ケ丘
8670052,クマモトケン,ミナマタシ,ミナトマチ,熊本県,水俣市,港町
8670055,クマモトケン,ミナマタシ,ミョウジンチョウ,熊本県,水俣市,明神町
8670046,クマモトケン,ミナマタシ,ヤマテチョウ,熊本県,水俣市,山手町
8670025,クマモトケン,ミナマタシ,ユデ,熊本県,水俣市,湯出
8670004,クマモトケン,ミナマタシ,ワラビノ,熊本県,水俣市,わらび野
8650000,クマモトケン,タマナシ,イカニケイサイガナイバアイ,熊本県,玉名市,以下に掲載がない場合
8650004,クマモトケン,タマナシ,アオキ,熊本県,玉名市,青木
8650035,クマモトケン,タマナシ,アオノ,熊本県,玉名市,青野
8650026,クマモトケン,タマナシ,アキマル,熊本県,玉名市,秋丸
8650014,クマモトケン,タマナシ,アンラクジ,熊本県,玉名市,安楽寺
8650045,クマモトケン,タマナシ,イクラミナミカタ,熊本県,玉名市,伊倉南方
8650041,クマモトケン,タマナシ,イクラキタカタ,熊本県,玉名市,伊倉北方
8650008,クマモトケン,タマナシ,イシヌキ,熊本県,玉名市,石貫
8650016,クマモトケン,タマナシ,イワサキ,熊本県,玉名市,岩崎
8650024,クマモトケン,タマナシ,エイトクジ,熊本県,玉名市,永徳寺
8650023,クマモトケン,タマナシ,オオクラ,熊本県,玉名市,大倉
8650055,クマモトケン,タマナシ,オオハママチ,熊本県,玉名市,大浜町
8650054,クマモトケン,タマナシ,オシマ,熊本県,玉名市,小島
8650048,クマモトケン,タマナシ,オノジリ,熊本県,玉名市,小野尻
8650044,クマモトケン,タマナシ,カタスワ,熊本県,玉名市,片諏訪
8650011,クマモトケン,タマナシ,カミオダ,熊本県,玉名市,上小田
8650015,クマモトケン,タマナシ,カメノコウ,熊本県,玉名市,亀甲
8650007,クマモトケン,タマナシ,カワサキ,熊本県,玉名市,河崎
8650047,クマモトケン,タマナシ,カワシマ,熊本県,玉名市,川島
8650017,クマモトケン,タマナシ,カワベタ,熊本県,玉名市,川部田
8650032,クマモトケン,タマナシ,キタサカモンタ,熊本県,玉名市,北坂門田
8650046,クマモトケン,タマナシ,キタムタ,熊本県,玉名市,北牟田
8650057,クマモトケン,タマナシ,コバマ,熊本県,玉名市,小浜
8650013,クマモトケン,タマナシ,シモ,熊本県,玉名市,下
8650018,クマモトケン,タマナシ,シモオダ,熊本県,玉名市,下小田
8650053,クマモトケン,タマナシ,センダガワラ,熊本県,玉名市,千田川原
8690213,クマモトケン,タマナシ,タイメイマチオウギザキ,熊本県,玉名市,岱明町扇崎
8690224,クマモトケン,タマナシ,タイメイマチオオノシモ,熊本県,玉名市,岱明町大野下
8690235,クマモトケン,タマナシ,タイメイマチコガ(ヒバリガオカ),熊本県,玉名市,岱明町古閑（雲雀丘）
8690233,クマモトケン,タマナシ,タイメイマチコガ(ソノタ),熊本県,玉名市,岱明町古閑（その他）
8690235,クマモトケン,タマナシ,タイメイマチサイショウジ(ヒバリガオカ),熊本県,玉名市,岱明町西照寺（雲雀丘）
8690236,クマモトケン,タマナシ,タイメイマチサイショウジ(ソノタ),熊本県,玉名市,岱明町西照寺（その他）
8690212,クマモトケン,タマナシ,タイメイマチシモオキノス,熊本県,玉名市,岱明町下沖洲
8690221,クマモトケン,タマナシ,タイメイマチシモマエハラ,熊本県,玉名市,岱明町下前原
8690235,クマモトケン,タマナシ,タイメイマチジョウ(ヒバリガオカ),熊本県,玉名市,岱明町上（雲雀丘）
8690232,クマモトケン,タマナシ,タイメイマチジョウ(ソノタ),熊本県,玉名市,岱明町上（その他）
8690231,クマモトケン,タマナシ,タイメイマチショウヤマ,熊本県,玉名市,岱明町庄山
8690202,クマモトケン,タマナシ,タイメイマチタカミチ,熊本県,玉名市,岱明町高道
8690223,クマモトケン,タマナシ,タイメイマチナカド,熊本県,玉名市,岱明町中土
8690211,クマモトケン,タマナシ,タイメイマチナベ,熊本県,玉名市,岱明町鍋
8690222,クマモトケン,タマナシ,タイメイマチノグチ,熊本県,玉名市,岱明町野口
8690203,クマモトケン,タマナシ,タイメイマチハマダ,熊本県,玉名市,岱明町浜田
8690238,クマモトケン,タマナシ,タイメイマチヒラキダ,熊本県,玉名市,岱明町開田
8690234,クマモトケン,タマナシ,タイメイマチミサキ,熊本県,玉名市,岱明町三崎
8690201,クマモトケン,タマナシ,タイメイマチヤマシタ,熊本県,玉名市,岱明町山下
8650025,クマモトケン,タマナシ,タカセ,熊本県,玉名市,高瀬
8650031,クマモトケン,タマナシ,タサキ,熊本県,玉名市,田崎
8650005,クマモトケン,タマナシ,タマナ,熊本県,玉名市,玉名
8650065,クマモトケン,タマナシ,ツイジ,熊本県,玉名市,築地
8650001,クマモトケン,タマナシ,ツキダ,熊本県,玉名市,月田
8650021,クマモトケン,タマナシ,ツル,熊本県,玉名市,津留
8650022,クマモトケン,タマナシ,テラダ,熊本県,玉名市,寺田
8615401,クマモトケン,タマナシ,テンスイマチオアマ,熊本県,玉名市,天水町小天
8615406,クマモトケン,タマナシ,テンスイマチオタ,熊本県,玉名市,天水町尾田
8615404,クマモトケン,タマナシ,テンスイマチタケザキ,熊本県,玉名市,天水町竹崎
8615402,クマモトケン,タマナシ,テンスイマチタチバナ,熊本県,玉名市,天水町立花
8615405,クマモトケン,タマナシ,テンスイマチノベタ,熊本県,玉名市,天水町野部田
8615403,クマモトケン,タマナシ,テンスイマチヘタミ,熊本県,玉名市,天水町部田見
8650062,クマモトケン,タマナシ,トミノオ,熊本県,玉名市,富尾
8650064,クマモトケン,タマナシ,ナカ,熊本県,玉名市,中
8650063,クマモトケン,タマナシ,ナカオ,熊本県,玉名市,中尾
8650033,クマモトケン,タマナシ,ナカサカモンタ,熊本県,玉名市,中坂門田
8650056,クマモトケン,タマナシ,ナメイシ,熊本県,玉名市,滑石
8650002,クマモトケン,タマナシ,ハコダニ,熊本県,玉名市,箱谷
8650051,クマモトケン,タマナシ,ハネギ,熊本県,玉名市,繁根木
8650052,クマモトケン,タマナシ,マツキ,熊本県,玉名市,松木
8650003,クマモトケン,タマナシ,ミゾノウエ,熊本県,玉名市,溝上
8650009,クマモトケン,タマナシ,ミツカワ,熊本県,玉名市,三ツ川
8650034,クマモトケン,タマナシ,ミナミサカモンタ,熊本県,玉名市,南坂門田
8650042,クマモトケン,タマナシ,ミヤバラ,熊本県,玉名市,宮原
8650027,クマモトケン,タマナシ,ムコウヅル,熊本県,玉名市,向津留
8650066,クマモトケン,タマナシ,ヤマダ,熊本県,玉名市,山田
8650012,クマモトケン,タマナシ,ヤマベタ,熊本県,玉名市,山部田
8650071,クマモトケン,タマナシ,ヨコシママチオオゾノ,熊本県,玉名市,横島町大園
8650073,クマモトケン,タマナシ,ヨコシママチキョウエイ,熊本県,玉名市,横島町共栄
8650072,クマモトケン,タマナシ,ヨコシママチヨコシマ,熊本県,玉名市,横島町横島
8650043,クマモトケン,タマナシ,ヨコタ,熊本県,玉名市,横田
8650061,クマモトケン,タマナシ,リュウガンジ,熊本県,玉名市,立願寺
8650006,クマモトケン,タマナシ,リョウハザマ,熊本県,玉名市,両迫間
8650058,クマモトケン,タマナシ,ロクタ,熊本県,玉名市,六田
8610500,クマモトケン,ヤマガシ,イカニケイサイガナイバアイ,熊本県,山鹿市,以下に掲載がない場合
8610547,クマモトケン,ヤマガシ,アゾノ,熊本県,山鹿市,麻生野
8610553,クマモトケン,ヤマガシ,イシ,熊本県,山鹿市,石
8610512,クマモトケン,ヤマガシ,イズミマチ,熊本県,山鹿市,泉町
8610517,クマモトケン,ヤマガシ,オオハシドオリ,熊本県,山鹿市,大橋通
8610521,クマモトケン,ヤマガシ,オサカ,熊本県,山鹿市,小坂
8610543,クマモトケン,ヤマガシ,オバル,熊本県,山鹿市,小原
8610555,クマモトケン,ヤマガシ,オムレ,熊本県,山鹿市,小群
8610565,クマモトケン,ヤマガシ,カオウマチアイザト,熊本県,山鹿市,鹿央町合里
8610561,クマモトケン,ヤマガシ,カオウマチイワバル,熊本県,山鹿市,鹿央町岩原
8610574,クマモトケン,ヤマガシ,カオウマチウメノキダニ,熊本県,山鹿市,鹿央町梅木谷
8610576,クマモトケン,ヤマガシ,カオウマチオオウラ,熊本県,山鹿市,鹿央町大浦
8610571,クマモトケン,ヤマガシ,カオウマチキタダニ,熊本県,山鹿市,鹿央町北谷
8610573,クマモトケン,ヤマガシ,カオウマチシモノ,熊本県,山鹿市,鹿央町霜野
8610563,クマモトケン,ヤマガシ,カオウマチチダ,熊本県,山鹿市,鹿央町千田
8610575,クマモトケン,ヤマガシ,カオウマチチュウノウラ,熊本県,山鹿市,鹿央町中浦
8610572,クマモトケン,ヤマガシ,カオウマチニオウドウ,熊本県,山鹿市,鹿央町仁王堂
8610564,クマモトケン,ヤマガシ,カオウマチヒロ,熊本県,山鹿市,鹿央町広
8610562,クマモトケン,ヤマガシ,カオウマチモチマツ,熊本県,山鹿市,鹿央町持松
8610532,クマモトケン,ヤマガシ,カコウトオリ,熊本県,山鹿市,鹿校通
8610382,クマモトケン,ヤマガシ,カトウダ,熊本県,山鹿市,方保田
8610602,クマモトケン,ヤマガシ,カホクマチイモウ,熊本県,山鹿市,鹿北町芋生
8610603,クマモトケン,ヤマガシ,カホクマチイワノ,熊本県,山鹿市,鹿北町岩野
8610604,クマモトケン,ヤマガシ,カホクマチシイモチ,熊本県,山鹿市,鹿北町椎持
8610601,クマモトケン,ヤマガシ,カホクマチシチョウ,熊本県,山鹿市,鹿北町四丁
8610605,クマモトケン,ヤマガシ,カホクマチタク,熊本県,山鹿市,鹿北町多久
8610524,クマモトケン,ヤマガシ,カミヨシダ,熊本県,山鹿市,上吉田
8610523,クマモトケン,ヤマガシ,カモウ,熊本県,山鹿市,蒲生
8610311,クマモトケン,ヤマガシ,カモトマチイシブチ,熊本県,山鹿市,鹿本町石渕
8610315,クマモトケン,ヤマガシ,カモトマチオシマ,熊本県,山鹿市,鹿本町小嶋
8610312,クマモトケン,ヤマガシ,カモトマチカジヤ,熊本県,山鹿市,鹿本町梶屋
8610331,クマモトケン,ヤマガシ,カモトマチクタミ,熊本県,山鹿市,鹿本町来民
8610324,クマモトケン,ヤマガシ,カモトマチコヤナギ,熊本県,山鹿市,鹿本町小柳
8610316,クマモトケン,ヤマガシ,カモトマチシモタカハシ,熊本県,山鹿市,鹿本町下高橋
8610323,クマモトケン,ヤマガシ,カモトマチシモブンダ,熊本県,山鹿市,鹿本町下分田
8610301,クマモトケン,ヤマガシ,カモトマチショウ,熊本県,山鹿市,鹿本町庄
8610303,クマモトケン,ヤマガシ,カモトマチタカハシ,熊本県,山鹿市,鹿本町高橋
8610302,クマモトケン,ヤマガシ,カモトマチツブクロ,熊本県,山鹿市,鹿本町津袋
8610314,クマモトケン,ヤマガシ,カモトマチナカガワ,熊本県,山鹿市,鹿本町中川
8610313,クマモトケン,ヤマガシ,カモトマチナカドミ,熊本県,山鹿市,鹿本町中富
8610322,クマモトケン,ヤマガシ,カモトマチナカブンダ,熊本県,山鹿市,鹿本町中分田
8610321,クマモトケン,ヤマガシ,カモトマチブンダ,熊本県,山鹿市,鹿本町分田
8610304,クマモトケン,ヤマガシ,カモトマチミウタ,熊本県,山鹿市,鹿本町御宇田
8610519,クマモトケン,ヤマガシ,カワバタマチ,熊本県,山鹿市,川端町
8610412,クマモトケン,ヤマガシ,キクカマチアイラ,熊本県,山鹿市,菊鹿町相良
8610421,クマモトケン,ヤマガシ,キクカマチアサゴ,熊本県,山鹿市,菊鹿町阿佐古
8610423,クマモトケン,ヤマガシ,キクカマチイケナガ,熊本県,山鹿市,菊鹿町池永
8610402,クマモトケン,ヤマガシ,キクカマチオオダ,熊本県,山鹿市,菊鹿町太田
8610414,クマモトケン,ヤマガシ,キクカマチカミウチダ,熊本県,山鹿市,菊鹿町上内田
8610404,クマモトケン,ヤマガシ,キクカマチカミナガノ,熊本県,山鹿市,菊鹿町上永野
8610426,クマモトケン,ヤマガシ,キクカマチキノ,熊本県,山鹿市,菊鹿町木野
8610403,クマモトケン,ヤマガシ,キクカマチゴロウマル,熊本県,山鹿市,菊鹿町五郎丸
8610406,クマモトケン,ヤマガシ,キクカマチシモウチダ,熊本県,山鹿市,菊鹿町下内田
8610405,クマモトケン,ヤマガシ,キクカマチシモナガノ,熊本県,山鹿市,菊鹿町下永野
8610401,クマモトケン,ヤマガシ,キクカマチナガ,熊本県,山鹿市,菊鹿町長
8610424,クマモトケン,ヤマガシ,キクカマチマツオ,熊本県,山鹿市,菊鹿町松尾
8610422,クマモトケン,ヤマガシ,キクカマチミヤノハル,熊本県,山鹿市,菊鹿町宮原
8610413,クマモトケン,ヤマガシ,キクカマチヤタニ,熊本県,山鹿市,菊鹿町矢谷
8610411,クマモトケン,ヤマガシ,キクカマチヤマウチ,熊本県,山鹿市,菊鹿町山内
8610425,クマモトケン,ヤマガシ,キクカマチヨナバル,熊本県,山鹿市,菊鹿町米原
8610522,クマモトケン,ヤマガシ,クバル,熊本県,山鹿市,久原
8610511,クマモトケン,ヤマガシ,クマイリマチ,熊本県,山鹿市,熊入町
8610533,クマモトケン,ヤマガシ,コガ,熊本県,山鹿市,古閑
8610546,クマモトケン,ヤマガシ,サカダ,熊本県,山鹿市,坂田
8610542,クマモトケン,ヤマガシ,シジキ,熊本県,山鹿市,志々岐
8610526,クマモトケン,ヤマガシ,シモヨシダ,熊本県,山鹿市,下吉田
8610554,クマモトケン,ヤマガシ,ジョウ,熊本県,山鹿市,城
8610515,クマモトケン,ヤマガシ,ショウワマチ,熊本県,山鹿市,昭和町
8610514,クマモトケン,ヤマガシ,シンマチ,熊本県,山鹿市,新町
8610552,クマモトケン,ヤマガシ,スギ,熊本県,山鹿市,杉
8610516,クマモトケン,ヤマガシ,チュウオウドオリ,熊本県,山鹿市,中央通
8610548,クマモトケン,ヤマガシ,ツバイ,熊本県,山鹿市,椿井
8610551,クマモトケン,ヤマガシ,ツル,熊本県,山鹿市,津留
8610527,クマモトケン,ヤマガシ,テラジマ,熊本県,山鹿市,寺島
8610531,クマモトケン,ヤマガシ,ナカ,熊本県,山鹿市,中
8610534,クマモトケン,ヤマガシ,ナガサカ,熊本県,山鹿市,長坂
8610525,クマモトケン,ヤマガシ,ナヅカ,熊本県,山鹿市,名塚
8610541,クマモトケン,ヤマガシ,ナベタ,熊本県,山鹿市,鍋田
8610545,クマモトケン,ヤマガシ,ニシマキ,熊本県,山鹿市,西牧
8610556,クマモトケン,ヤマガシ,ヒラヤマ,熊本県,山鹿市,平山
8610381,クマモトケン,ヤマガシ,フジイ,熊本県,山鹿市,藤井
8610544,クマモトケン,ヤマガシ,ホダタ,熊本県,山鹿市,保多田
8610535,クマモトケン,ヤマガシ,ミナミジマ,熊本県,山鹿市,南島
8610513,クマモトケン,ヤマガシ,ムナカタ,熊本県,山鹿市,宗方
8610518,クマモトケン,ヤマガシ,ムナカタドオリ,熊本県,山鹿市,宗方通
8610501,クマモトケン,ヤマガシ,ヤマガ,熊本県,山鹿市,山鹿
8611300,クマモトケン,キクチシ,イカニケイサイガナイバアイ,熊本県,菊池市,以下に掲載がない場合
8611311,クマモトケン,キクチシ,アカホシ,熊本県,菊池市,赤星
8611686,クマモトケン,キクチシ,イチノセ,熊本県,菊池市,市野瀬
8611313,クマモトケン,キクチシ,イデタ,熊本県,菊池市,出田
8611303,クマモトケン,キクチシ,イマ,熊本県,菊池市,今
8611683,クマモトケン,キクチシ,オオヒラ,熊本県,菊池市,大平
8611673,クマモトケン,キクチシ,オギ,熊本県,菊池市,小木
8611307,クマモトケン,キクチシ,カタカク,熊本県,菊池市,片角
8611315,クマモトケン,キクチシ,キコウジ,熊本県,菊池市,木柑子
8611305,クマモトケン,キクチシ,キタミヤ,熊本県,菊池市,北宮
8611326,クマモトケン,キクチシ,キノ,熊本県,菊池市,木野
8691206,クマモトケン,キクチシ,キョクシイサカ,熊本県,菊池市,旭志伊坂
8691208,クマモトケン,キクチシ,キョクシイハギ,熊本県,菊池市,旭志伊萩
8691203,クマモトケン,キクチシ,キョクシオタル,熊本県,菊池市,旭志尾足
8691204,クマモトケン,キクチシ,キョクシオバル,熊本県,菊池市,旭志小原
8691205,クマモトケン,キクチシ,キョクシカワベ,熊本県,菊池市,旭志川辺
8691207,クマモトケン,キクチシ,キョクシシンメイ,熊本県,菊池市,旭志新明
8691202,クマモトケン,キクチシ,キョクシフモト,熊本県,菊池市,旭志麓
8691201,クマモトケン,キクチシ,キョクシベンリ,熊本県,菊池市,旭志弁利
8611322,クマモトケン,キクチシ,ギョクショウジ,熊本県,菊池市,玉祥寺
8611325,クマモトケン,キクチシ,ケサオ,熊本県,菊池市,袈裟尾
8611301,クマモトケン,キクチシ,コバ,熊本県,菊池市,木庭
8611682,クマモトケン,キクチシ,シゲミ,熊本県,菊池市,重味
8611211,クマモトケン,キクチシ,シスイマチカメオ,熊本県,菊池市,泗水町亀尾
8611203,クマモトケン,キクチシ,シスイマチスミヨシ,熊本県,菊池市,泗水町住吉
8611214,クマモトケン,キクチシ,シスイマチタシマ,熊本県,菊池市,泗水町田島
8611202,クマモトケン,キクチシ,シスイマチトミノウ,熊本県,菊池市,泗水町富納
8611212,クマモトケン,キクチシ,シスイマチトヨミズ,熊本県,菊池市,泗水町豊水
8611204,クマモトケン,キクチシ,シスイマチナガ,熊本県,菊池市,泗水町永
8611205,クマモトケン,キクチシ,シスイマチフクモト,熊本県,菊池市,泗水町福本
8611213,クマモトケン,キクチシ,シスイマチミナミタシマ,熊本県,菊池市,泗水町南田島
8611201,クマモトケン,キクチシ,シスイマチヨシトミ,熊本県,菊池市,泗水町吉富
8611363,クマモトケン,キクチシ,シチジョウマチアラマキ,熊本県,菊池市,七城町荒牧
8611365,クマモトケン,キクチシ,シチジョウマチウテナ,熊本県,菊池市,七城町台
8611368,クマモトケン,キクチシ,シチジョウマチオカダ,熊本県,菊池市,七城町岡田
8611345,クマモトケン,キクチシ,シチジョウマチオノザキ,熊本県,菊池市,七城町小野崎
8611356,クマモトケン,キクチシ,シチジョウマチカエ,熊本県,菊池市,七城町加恵
8611342,クマモトケン,キクチシ,シチジョウマチカメオ,熊本県,菊池市,七城町亀尾
8611341,クマモトケン,キクチシ,シチジョウマチキヨミズ,熊本県,菊池市,七城町清水
8611353,クマモトケン,キクチシ,シチジョウマチコウサマチ,熊本県,菊池市,七城町甲佐町
8611354,クマモトケン,キクチシ,シチジョウマチコモイリ,熊本県,菊池市,七城町菰入
8611352,クマモトケン,キクチシ,シチジョウマチシンコガ,熊本県,菊池市,七城町新古閑
8611351,クマモトケン,キクチシ,シチジョウマチスナダ,熊本県,菊池市,七城町砂田
8611366,クマモトケン,キクチシ,シチジョウマチセトグチ,熊本県,菊池市,七城町瀬戸口
8611344,クマモトケン,キクチシ,シチジョウマチソサキ,熊本県,菊池市,七城町蘇崎
8611355,クマモトケン,キクチシ,シチジョウマチタカジマ,熊本県,菊池市,七城町高島
8611357,クマモトケン,キクチシ,シチジョウマチタカタ,熊本県,菊池市,七城町高田
8611367,クマモトケン,キクチシ,シチジョウマチナガレカワ,熊本県,菊池市,七城町流川
8611346,クマモトケン,キクチシ,シチジョウマチハシタ,熊本県,菊池市,七城町橋田
8611343,クマモトケン,キクチシ,シチジョウマチハヤシバル,熊本県,菊池市,七城町林原
8611364,クマモトケン,キクチシ,シチジョウマチヘタ,熊本県,菊池市,七城町辺田
8611361,クマモトケン,キクチシ,シチジョウマチミツギ,熊本県,菊池市,七城町水次
8611362,クマモトケン,キクチシ,シチジョウマチヤマサキ,熊本県,菊池市,七城町山崎
8611442,クマモトケン,キクチシ,シチョウブン,熊本県,菊池市,四町分
8611302,クマモトケン,キクチシ,シモカワハル,熊本県,菊池市,下河原
8611306,クマモトケン,キクチシ,ダイリンジ,熊本県,菊池市,大琳寺
8611684,クマモトケン,キクチシ,トヨマ,熊本県,菊池市,豊間
8611316,クマモトケン,キクチシ,ナガタ,熊本県,菊池市,長田
8611323,クマモトケン,キクチシ,ニシデラ,熊本県,菊池市,西寺
8611685,クマモトケン,キクチシ,ニシハザマ,熊本県,菊池市,西迫間
8611324,クマモトケン,キクチシ,ノマグチ,熊本県,菊池市,野間口
8611441,クマモトケン,キクチシ,ハル,熊本県,菊池市,原
8611671,クマモトケン,キクチシ,ハンジャク,熊本県,菊池市,班蛇口
8611321,クマモトケン,キクチシ,ヒエガタ,熊本県,菊池市,稗方
8611314,クマモトケン,キクチシ,ヒロセ,熊本県,菊池市,広瀬
8611304,クマモトケン,キクチシ,フカガワ,熊本県,菊池市,深川
8611309,クマモトケン,キクチシ,フジタ,熊本県,菊池市,藤田
8611317,クマモトケン,キクチシ,ムラダ,熊本県,菊池市,村田
8611312,クマモトケン,キクチシ,モリキタ,熊本県,菊池市,森北
8611681,クマモトケン,キクチシ,ユキノ,熊本県,菊池市,雪野
8611672,クマモトケン,キクチシ,リュウモン,熊本県,菊池市,龍門
8611331,クマモトケン,キクチシ,ワイフ,熊本県,菊池市,隈府
8611308,クマモトケン,キクチシ,ワタル,熊本県,菊池市,亘
8690400,クマモトケン,ウトシ,イカニケイサイガナイバアイ,熊本県,宇土市,以下に掲載がない場合
8693175,クマモトケン,ウトシ,アカセマチ,熊本県,宇土市,赤瀬町
8690432,クマモトケン,ウトシ,アサヒマチ,熊本県,宇土市,旭町
8690465,クマモトケン,ウトシ,アビキマチ,熊本県,宇土市,網引町
8690461,クマモトケン,ウトシ,アミヅマチ,熊本県,宇土市,網津町
8690441,クマモトケン,ウトシ,イシコウジマチ,熊本県,宇土市,石小路町
8690456,クマモトケン,ウトシ,イシバシマチ,熊本県,宇土市,石橋町
8690435,クマモトケン,ウトシ,イチリギマチ,熊本県,宇土市,一里木町
8690423,クマモトケン,ウトシ,イムタマチ,熊本県,宇土市,伊無田町
8690422,クマモトケン,ウトシ,イリチマチ,熊本県,宇土市,入地町
8690412,クマモトケン,ウトシ,イワコソマチ,熊本県,宇土市,岩古曽町
8690405,クマモトケン,ウトシ,ウマノセマチ,熊本県,宇土市,馬之瀬町
8690445,クマモトケン,ウトシ,ウラタマチ,熊本県,宇土市,浦田町
8690464,クマモトケン,ウトシ,エヅカマチ,熊本県,宇土市,恵塚町
8693172,クマモトケン,ウトシ,カミオウダマチ,熊本県,宇土市,上網田町
8690451,クマモトケン,ウトシ,キタダンバラマチ,熊本県,宇土市,北段原町
8690425,クマモトケン,ウトシ,クリザキマチ,熊本県,宇土市,栗崎町
8690426,クマモトケン,ウトシ,コウアイマチ,熊本県,宇土市,神合町
8690415,クマモトケン,ウトシ,コオザトマチ,熊本県,宇土市,古保里町
8690454,クマモトケン,ウトシ,コジョウマチ,熊本県,宇土市,古城町
8690417,クマモトケン,ウトシ,サカイメマチ,熊本県,宇土市,境目町
8690453,クマモトケン,ウトシ,サカエマチ,熊本県,宇土市,栄町
8690402,クマモトケン,ウトシ,ササワラマチ,熊本県,宇土市,笹原町
8690406,クマモトケン,ウトシ,サジッチョウ,熊本県,宇土市,三拾町
8693173,クマモトケン,ウトシ,シモオウダマチ,熊本県,宇土市,下網田町
8690462,クマモトケン,ウトシ,ジョウツカマチ,熊本県,宇土市,城塚町
8690442,クマモトケン,ウトシ,ジョウノウラマチ,熊本県,宇土市,城之浦町
8690436,クマモトケン,ウトシ,ジョウフマチ,熊本県,宇土市,定府町
8690403,クマモトケン,ウトシ,シンガイマチ,熊本県,宇土市,新開町
8690433,クマモトケン,ウトシ,シンコウジマチ,熊本県,宇土市,新小路町
8690444,クマモトケン,ウトシ,シンマチ,熊本県,宇土市,新町
8690419,クマモトケン,ウトシ,シンマツワラマチ,熊本県,宇土市,新松原町
8690424,クマモトケン,ウトシ,シンメマチ,熊本県,宇土市,神馬町
8690401,クマモトケン,ウトシ,スミヨシマチ,熊本県,宇土市,住吉町
8690418,クマモトケン,ウトシ,ゼンドウジマチ,熊本県,宇土市,善道寺町
8690443,クマモトケン,ウトシ,センバマチ,熊本県,宇土市,船場町
8690452,クマモトケン,ウトシ,タカヤナギマチ,熊本県,宇土市,高柳町
8690414,クマモトケン,ウトシ,タチオカマチ,熊本県,宇土市,立岡町
8690408,クマモトケン,ウトシ,ツイゴメマチ,熊本県,宇土市,築籠町
8690455,クマモトケン,ウトシ,ツバワラマチ,熊本県,宇土市,椿原町
8693174,クマモトケン,ウトシ,トグチマチ,熊本県,宇土市,戸口町
8693171,クマモトケン,ウトシ,ナガハママチ,熊本県,宇土市,長浜町
8690463,クマモトケン,ウトシ,ノヅルマチ,熊本県,宇土市,野鶴町
8690404,クマモトケン,ウトシ,ハシリガタマチ,熊本県,宇土市,走潟町
8690410,クマモトケン,ウトシ,ハナゾノダイマチ,熊本県,宇土市,花園台町
8690413,クマモトケン,ウトシ,ハナゾノマチ,熊本県,宇土市,花園町
8690431,クマモトケン,ウトシ,ホンマチ,熊本県,宇土市,本町
8690407,クマモトケン,ウトシ,マツワラマチ,熊本県,宇土市,松原町
8690416,クマモトケン,ウトシ,マツヤママチ,熊本県,宇土市,松山町
8690411,クマモトケン,ウトシ,ミズマチ,熊本県,宇土市,水町
8690421,クマモトケン,ウトシ,ミナミダンバラマチ,熊本県,宇土市,南段原町
8690457,クマモトケン,ウトシ,ミヤノショウマチ,熊本県,宇土市,宮庄町
8690434,クマモトケン,ウトシ,モンナイマチ,熊本県,宇土市,門内町
8693600,クマモトケン,カミアマクサシ,イカニケイサイガナイバアイ,熊本県,上天草市,以下に掲載がない場合
8693604,クマモトケン,カミアマクサシ,オオヤノマチイワ,熊本県,上天草市,大矢野町維和
8693602,クマモトケン,カミアマクサシ,オオヤノマチカミ,熊本県,上天草市,大矢野町上
8693603,クマモトケン,カミアマクサシ,オオヤノマチナカ,熊本県,上天草市,大矢野町中
8693601,クマモトケン,カミアマクサシ,オオヤノマチノボリタテ,熊本県,上天草市,大矢野町登立
8693711,クマモトケン,カミアマクサシ,オオヤノマチユシマ,熊本県,上天草市,大矢野町湯島
8660101,クマモトケン,カミアマクサシ,ヒメドマチヒメウラ,熊本県,上天草市,姫戸町姫浦
8660102,クマモトケン,カミアマクサシ,ヒメドマチフタマド,熊本県,上天草市,姫戸町二間戸
8616102,クマモトケン,カミアマクサシ,マツシママチアイツ,熊本県,上天草市,松島町合津
8616101,クマモトケン,カミアマクサシ,マツシママチアムラ,熊本県,上天草市,松島町阿村
8616103,クマモトケン,カミアマクサシ,マツシママチイマイズミ,熊本県,上天草市,松島町今泉
8616104,クマモトケン,カミアマクサシ,マツシママチウチノカワウチ,熊本県,上天草市,松島町内野河内
8616105,クマモトケン,カミアマクサシ,マツシママチキョウラギ,熊本県,上天草市,松島町教良木
8660201,クマモトケン,カミアマクサシ,リュウガタケマチオオドウ,熊本県,上天草市,龍ケ岳町大道
8660202,クマモトケン,カミアマクサシ,リュウガタケマチタカド,熊本県,上天草市,龍ケ岳町高戸
8660203,クマモトケン,カミアマクサシ,リュウガタケマチヒノシマ,熊本県,上天草市,龍ケ岳町樋島
8690500,クマモトケン,ウキシ,イカニケイサイガナイバアイ,熊本県,宇城市,以下に掲載がない場合
8690624,クマモトケン,ウキシ,オガワマチエガシラ,熊本県,宇城市,小川町江頭
8690621,クマモトケン,ウキシ,オガワマチオガワ,熊本県,宇城市,小川町小川
8690623,クマモトケン,ウキシ,オガワマチカワジリ,熊本県,宇城市,小川町川尻
8690601,クマモトケン,ウキシ,オガワマチキタオノ,熊本県,宇城市,小川町北小野
8690616,クマモトケン,ウキシ,オガワマチキタカイトウ,熊本県,宇城市,小川町北海東
8690631,クマモトケン,ウキシ,オガワマチキタシンデン,熊本県,宇城市,小川町北新田
8690604,クマモトケン,ウキシ,オガワマチキタベタ,熊本県,宇城市,小川町北部田
8690606,クマモトケン,ウキシ,オガワマチゴウノエ,熊本県,宇城市,小川町河江
8690635,クマモトケン,ウキシ,オガワマチシラヌイ,熊本県,宇城市,小川町不知火
8690633,クマモトケン,ウキシ,オガワマチシンデン,熊本県,宇城市,小川町新田
8690636,クマモトケン,ウキシ,オガワマチシンデンデ,熊本県,宇城市,小川町新田出
8690634,クマモトケン,ウキシ,オガワマチスミヨシ,熊本県,宇城市,小川町住吉
8690602,クマモトケン,ウキシ,オガワマチナカオノ,熊本県,宇城市,小川町中小野
8690615,クマモトケン,ウキシ,オガワマチニシカイトウ,熊本県,宇城市,小川町西海東
8690622,クマモトケン,ウキシ,オガワマチニシキタオガワ,熊本県,宇城市,小川町西北小川
8690613,クマモトケン,ウキシ,オガワマチヒガシオガワ,熊本県,宇城市,小川町東小川
8690611,クマモトケン,ウキシ,オガワマチヒガシカイトウ,熊本県,宇城市,小川町東海東
8690614,クマモトケン,ウキシ,オガワマチミナミオガワ,熊本県,宇城市,小川町南小川
8690603,クマモトケン,ウキシ,オガワマチミナミオノ,熊本県,宇城市,小川町南小野
8690612,クマモトケン,ウキシ,オガワマチミナミカイトウ,熊本県,宇城市,小川町南海東
8690632,クマモトケン,ウキシ,オガワマチミナミシンデン,熊本県,宇城市,小川町南新田
8690605,クマモトケン,ウキシ,オガワマチミナミベタ,熊本県,宇城市,小川町南部田
8690563,クマモトケン,ウキシ,シラヌヒマチウラガミ,熊本県,宇城市,不知火町浦上
8693471,クマモトケン,ウキシ,シラヌヒマチエイノオ,熊本県,宇城市,不知火町永尾
8693473,クマモトケン,ウキシ,シラヌヒマチオオミ,熊本県,宇城市,不知火町大見
8690554,クマモトケン,ウキシ,シラヌヒマチカシワハラ,熊本県,宇城市,不知火町柏原
8690561,クマモトケン,ウキシ,シラヌヒマチカメマツ,熊本県,宇城市,不知火町亀松
8690552,クマモトケン,ウキシ,シラヌヒマチコウラ,熊本県,宇城市,不知火町高良
8690553,クマモトケン,ウキシ,シラヌヒマチコソブ,熊本県,宇城市,不知火町小曽部
8690551,クマモトケン,ウキシ,シラヌヒマチゴリョウ,熊本県,宇城市,不知火町御領
8690562,クマモトケン,ウキシ,シラヌヒマチナガサキ,熊本県,宇城市,不知火町長崎
8693472,クマモトケン,ウキシ,シラヌヒマチマツアイ,熊本県,宇城市,不知火町松合
8614301,クマモトケン,ウキシ,トヨノマチイトイシ,熊本県,宇城市,豊野町糸石
8614303,クマモトケン,ウキシ,トヨノマチカミゴウ,熊本県,宇城市,豊野町上郷
8614304,クマモトケン,ウキシ,トヨノマチシモゴウ,熊本県,宇城市,豊野町下郷
8614307,クマモトケン,ウキシ,トヨノマチスバヤシ,熊本県,宇城市,豊野町巣林
8614302,クマモトケン,ウキシ,トヨノマチナカマ,熊本県,宇城市,豊野町中間
8614306,クマモトケン,ウキシ,トヨノマチヤスミ,熊本県,宇城市,豊野町安見
8614305,クマモトケン,ウキシ,トヨノマチヤマサキ,熊本県,宇城市,豊野町山崎
8690544,クマモトケン,ウキシ,マツバセマチアサカワ,熊本県,宇城市,松橋町浅川
8690522,クマモトケン,ウキシ,マツバセマチウチダ,熊本県,宇城市,松橋町内田
8690521,クマモトケン,ウキシ,マツバセマチウラカワチ,熊本県,宇城市,松橋町浦川内
8690531,クマモトケン,ウキシ,マツバセマチオオノ,熊本県,宇城市,松橋町大野
8690503,クマモトケン,ウキシ,マツバセマチキララ,熊本県,宇城市,松橋町きらら
8690532,クマモトケン,ウキシ,マツバセマチクグ,熊本県,宇城市,松橋町久具
8690512,クマモトケン,ウキシ,マツバセマチコオヤマ,熊本県,宇城市,松橋町古保山
8690545,クマモトケン,ウキシ,マツバセマチスナガワ,熊本県,宇城市,松橋町砂川
8690523,クマモトケン,ウキシ,マツバセマチタケザキ,熊本県,宇城市,松橋町竹崎
8690542,クマモトケン,ウキシ,マツバセマチトヨザキ,熊本県,宇城市,松橋町豊崎
8690524,クマモトケン,ウキシ,マツバセマチトヨフク,熊本県,宇城市,松橋町豊福
8690534,クマモトケン,ウキシ,マツバセマチニシシモゴウ,熊本県,宇城市,松橋町西下郷
8690513,クマモトケン,ウキシ,マツバセマチハギオ,熊本県,宇城市,松橋町萩尾
8690541,クマモトケン,ウキシ,マツバセマチヒガシマツザキ,熊本県,宇城市,松橋町東松崎
8690511,クマモトケン,ウキシ,マツバセマチマガノ,熊本県,宇城市,松橋町曲野
8690502,クマモトケン,ウキシ,マツバセマチマツバセ,熊本県,宇城市,松橋町松橋
8690501,クマモトケン,ウキシ,マツバセマチマツヤマ,熊本県,宇城市,松橋町松山
8690543,クマモトケン,ウキシ,マツバセマチミナミトヨザキ,熊本県,宇城市,松橋町南豊崎
8690546,クマモトケン,ウキシ,マツバセマチミフネ,熊本県,宇城市,松橋町御船
8690533,クマモトケン,ウキシ,マツバセマチリョウナカマ,熊本県,宇城市,松橋町両仲間
8693211,クマモトケン,ウキシ,ミスミマチオオクチ,熊本県,宇城市,三角町大口
8693201,クマモトケン,ウキシ,ミスミマチオオタオ,熊本県,宇城市,三角町大田尾
8693202,クマモトケン,ウキシ,ミスミマチコオノウラ,熊本県,宇城市,三角町郡浦
8693213,クマモトケン,ウキシ,ミスミマチサトノウラ,熊本県,宇城市,三角町里浦
8693212,クマモトケン,ウキシ,ミスミマチテバ,熊本県,宇城市,三角町手場
8693203,クマモトケン,ウキシ,ミスミマチトバセ,熊本県,宇城市,三角町戸馳
8693204,クマモトケン,ウキシ,ミスミマチナカムラ,熊本県,宇城市,三角町中村
8693205,クマモトケン,ウキシ,ミスミマチハタ,熊本県,宇城市,三角町波多
8693206,クマモトケン,ウキシ,ミスミマチマエゴシ,熊本県,宇城市,三角町前越
8693207,クマモトケン,ウキシ,ミスミマチミスミウラ,熊本県,宇城市,三角町三角浦
8692600,クマモトケン,アソシ,イカニケイサイガナイバアイ,熊本県,阿蘇市,以下に掲載がない場合
8692232,クマモトケン,アソシ,アカミズ,熊本県,阿蘇市,赤水
8692236,クマモトケン,アソシ,アトガセ,熊本県,阿蘇市,跡ケ瀬
8692621,クマモトケン,アソシ,イチノミヤマチオギノクサ,熊本県,阿蘇市,一の宮町荻の草
8692603,クマモトケン,アソシ,イチノミヤマチキタサカナシ,熊本県,阿蘇市,一の宮町北坂梨
8692611,クマモトケン,アソシ,イチノミヤマチサカナシ,熊本県,阿蘇市,一の宮町坂梨
8692602,クマモトケン,アソシ,イチノミヤマチサンノ,熊本県,阿蘇市,一の宮町三野
8692601,クマモトケン,アソシ,イチノミヤマチテノ,熊本県,阿蘇市,一の宮町手野
8692604,クマモトケン,アソシ,イチノミヤマチナカサカナシ,熊本県,阿蘇市,一の宮町中坂梨
8692613,クマモトケン,アソシ,イチノミヤマチナカドオリ,熊本県,阿蘇市,一の宮町中通
8692612,クマモトケン,アソシ,イチノミヤマチミヤジ,熊本県,阿蘇市,一の宮町宮地
8692315,クマモトケン,アソシ,イママチ,熊本県,阿蘇市,今町
8692301,クマモトケン,アソシ,ウチノマキ,熊本県,阿蘇市,内牧
8692312,クマモトケン,アソシ,オクラ,熊本県,阿蘇市,小倉
8692307,クマモトケン,アソシ,オザト,熊本県,阿蘇市,小里
8692226,クマモトケン,アソシ,オトヒメ,熊本県,阿蘇市,乙姫
8692314,クマモトケン,アソシ,オノダ,熊本県,阿蘇市,小野田
8692235,クマモトケン,アソシ,カリオ,熊本県,阿蘇市,狩尾
8692224,クマモトケン,アソシ,クラバル,熊本県,阿蘇市,蔵原
8692234,クマモトケン,アソシ,クルマガエリ,熊本県,阿蘇市,車帰
8692225,クマモトケン,アソシ,クロカワ,熊本県,阿蘇市,黒川
8692316,クマモトケン,アソシ,クロナガレマチ,熊本県,阿蘇市,黒流町
8692311,クマモトケン,アソシ,コウジ,熊本県,阿蘇市,小池
8692223,クマモトケン,アソシ,タカワラ,熊本県,阿蘇市,竹原
8692231,クマモトケン,アソシ,ナガクサ,熊本県,阿蘇市,永草
8692803,クマモトケン,アソシ,ナミノアカニタ,熊本県,阿蘇市,波野赤仁田
8692802,クマモトケン,アソシ,ナミノオゾノ,熊本県,阿蘇市,波野小園
8692801,クマモトケン,アソシ,ナミノショウチノ,熊本県,阿蘇市,波野小地野
8692807,クマモトケン,アソシ,ナミノシンナミノ,熊本県,阿蘇市,波野新波野
8692804,クマモトケン,アソシ,ナミノタキミズ,熊本県,阿蘇市,波野滝水
8692805,クマモトケン,アソシ,ナミノナカエ,熊本県,阿蘇市,波野中江
8692806,クマモトケン,アソシ,ナミノナミノ,熊本県,阿蘇市,波野波野
8692303,クマモトケン,アソシ,ニシコゾノ,熊本県,阿蘇市,西小園
8692222,クマモトケン,アソシ,ニシマチ,熊本県,阿蘇市,西町
8692304,クマモトケン,アソシ,ニシユノウラ,熊本県,阿蘇市,西湯浦
8692237,クマモトケン,アソシ,マトイシ,熊本県,阿蘇市,的石
8692302,クマモトケン,アソシ,ミクボ,熊本県,阿蘇市,三久保
8692306,クマモトケン,アソシ,ミナミミヤバル,熊本県,阿蘇市,南宮原
8692233,クマモトケン,アソシ,ムタ,熊本県,阿蘇市,無田
8692221,クマモトケン,アソシ,ヤクインバル,熊本県,阿蘇市,役犬原
8692413,クマモトケン,アソシ,ヤマダ(クラトコ、ハシダイ、ミョウガハラ),熊本県,阿蘇市,山田（蔵床、橋台、茗ケ原）
8692313,クマモトケン,アソシ,ヤマダ(ソノタ),熊本県,阿蘇市,山田（その他）
8692305,クマモトケン,アソシ,ユノウラ,熊本県,阿蘇市,湯浦
8630000,クマモトケン,アマクサシ,イカニケイサイガナイバアイ,熊本県,天草市,以下に掲載がない場合
8632172,クマモトケン,アマクサシ,アサヒマチ,熊本県,天草市,旭町
8632801,クマモトケン,アマクサシ,アマクサマチオオエ,熊本県,天草市,天草町大江
8632801,クマモトケン,アマクサシ,アマクサマチオオエイクサガウラ,熊本県,天草市,天草町大江軍浦
8631401,クマモトケン,アマクサシ,アマクサマチオオエムコウ,熊本県,天草市,天草町大江向
8632803,クマモトケン,アマクサシ,アマクサマチシモダキタ,熊本県,天草市,天草町下田北
8632802,クマモトケン,アマクサシ,アマクサマチシモダミナミ,熊本県,天草市,天草町下田南
8631205,クマモトケン,アマクサシ,アマクサマチタカハマキタ(4001-23、4135バンチ),熊本県,天草市,天草町高浜北（４００１－２３、４１３５番地）
8632805,クマモトケン,アマクサシ,アマクサマチタカハマキタ(ソノタ),熊本県,天草市,天草町高浜北（その他）
8632804,クマモトケン,アマクサシ,アマクサマチタカハマミナミ,熊本県,天草市,天草町高浜南
8632806,クマモトケン,アマクサシ,アマクサマチフクレギ,熊本県,天草市,天草町福連木
8617201,クマモトケン,アマクサシ,アリアケマチアカサキ,熊本県,天草市,有明町赤崎
8617203,クマモトケン,アマクサシ,アリアケマチオオウラ,熊本県,天草市,有明町大浦
8617314,クマモトケン,アマクサシ,アリアケマチオオシマゴ,熊本県,天草市,有明町大島子
8617204,クマモトケン,アマクサシ,アリアケマチクスボ,熊本県,天草市,有明町楠甫
8617311,クマモトケン,アマクサシ,アリアケマチコウツウラ,熊本県,天草市,有明町上津浦
8617313,クマモトケン,アマクサシ,アリアケマチコシマゴ,熊本県,天草市,有明町小島子
8617312,クマモトケン,アマクサシ,アリアケマチシモツウラ,熊本県,天草市,有明町下津浦
8617202,クマモトケン,アマクサシ,アリアケマチスジ,熊本県,天草市,有明町須子
8632331,クマモトケン,アマクサシ,イツワマチオニイケ,熊本県,天草市,五和町鬼池
8632201,クマモトケン,アマクサシ,イツワマチゴリョウ,熊本県,天草市,五和町御領
8632114,クマモトケン,アマクサシ,イツワマチジョウガワラ,熊本県,天草市,五和町城河原
8632424,クマモトケン,アマクサシ,イツワマチテノ,熊本県,天草市,五和町手野
8632421,クマモトケン,アマクサシ,イツワマチフタエ,熊本県,天草市,五和町二江
8630013,クマモトケン,アマクサシ,イマガマシンマチ,熊本県,天草市,今釜新町
8630012,クマモトケン,アマクサシ,イマガママチ,熊本県,天草市,今釜町
8631901,クマモトケン,アマクサシ,ウシブカマチ,熊本県,天草市,牛深町
8630032,クマモトケン,アマクサシ,オオタマチ,熊本県,天草市,太田町
8630015,クマモトケン,アマクサシ,オオハママチ,熊本県,天草市,大浜町
8631721,クマモトケン,アマクサシ,オニキマチ,熊本県,天草市,魚貫町
8630043,クマモトケン,アマクサシ,カメバマチカメガワ,熊本県,天草市,亀場町亀川
8630046,クマモトケン,アマクサシ,カメバマチジキバ,熊本県,天草市,亀場町食場
8631201,クマモトケン,アマクサシ,カワウラマチイマダ,熊本県,天草市,河浦町今田
8631403,クマモトケン,アマクサシ,カワウラマチイマトミ(1933、1939、1945、1955-4、1960、,熊本県,天草市,河浦町今富（１９３３、１９３９、１９４５、１９５５－４、１９６０、
8631403,クマモトケン,アマクサシ,1970、1974、1976、1983、1988-3、1990-5、,熊本県,天草市,１９７０、１９７４、１９７６、１９８３、１９８８－３、１９９０－５、
8631403,クマモトケン,アマクサシ,2003、2051),熊本県,天草市,２００３、２０５１）
8631203,クマモトケン,アマクサシ,カワウラマチイマトミ(ソノタ),熊本県,天草市,河浦町今富（その他）
8631202,クマモトケン,アマクサシ,カワウラマチカワウラ,熊本県,天草市,河浦町河浦
8631404,クマモトケン,アマクサシ,カワウラマチサキツ(1644、1647-1、1659),熊本県,天草市,河浦町崎津（１６４４、１６４７－１、１６５９）
8631204,クマモトケン,アマクサシ,カワウラマチサキツ(ソノタ),熊本県,天草市,河浦町崎津（その他）
8631215,クマモトケン,アマクサシ,カワウラマチシラキカワチ,熊本県,天草市,河浦町白木河内
8631216,クマモトケン,アマクサシ,カワウラマチシンゴウ,熊本県,天草市,河浦町新合
8631211,クマモトケン,アマクサシ,カワウラマチタチハラ,熊本県,天草市,河浦町立原
8631214,クマモトケン,アマクサシ,カワウラマチヒサドメ,熊本県,天草市,河浦町久留
8631212,クマモトケン,アマクサシ,カワウラマチミヤノカワチ,熊本県,天草市,河浦町宮野河内
8631213,クマモトケン,アマクサシ,カワウラマチロギ,熊本県,天草市,河浦町路木
8630036,クマモトケン,アマクサシ,カワラシンマチ,熊本県,天草市,川原新町
8630024,クマモトケン,アマクサシ,カワラマチ,熊本県,天草市,川原町
8630011,クマモトケン,アマクサシ,キタハママチ,熊本県,天草市,北浜町
8630049,クマモトケン,アマクサシ,キタハラマチ,熊本県,天草市,北原町
8630044,クマモトケン,アマクサシ,クスウラマチ,熊本県,天草市,楠浦町
8631902,クマモトケン,アマクサシ,クタママチ,熊本県,天草市,久玉町
8616401,クマモトケン,アマクサシ,クラタケマチウラ,熊本県,天草市,倉岳町浦
8616402,クマモトケン,アマクサシ,クラタケマチタナソコ,熊本県,天草市,倉岳町棚底
8616403,クマモトケン,アマクサシ,クラタケマチミヤダ,熊本県,天草市,倉岳町宮田
8660313,クマモトケン,アマクサシ,ゴショウラマチゴショウラ,熊本県,天草市,御所浦町御所浦
8660334,クマモトケン,アマクサシ,ゴショウラマチマキシマ,熊本県,天草市,御所浦町牧島
8660303,クマモトケン,アマクサシ,ゴショウラマチヨコウラ,熊本県,天草市,御所浦町横浦
8630019,クマモトケン,アマクサシ,コマツバラマチ,熊本県,天草市,小松原町
8632171,クマモトケン,アマクサシ,サイツマチ,熊本県,天草市,佐伊津町
8630022,クマモトケン,アマクサシ,サカエマチ,熊本県,天草市,栄町
8630041,クマモトケン,アマクサシ,シカキマチ,熊本県,天草市,志柿町
8616551,クマモトケン,アマクサシ,シモウラマチ,熊本県,天草市,下浦町
8630016,クマモトケン,アマクサシ,ジョウカマチ,熊本県,天草市,城下町
8630034,クマモトケン,アマクサシ,ジョウナンマチ,熊本県,天草市,浄南町
8631111,クマモトケン,アマクサシ,シンワマチイカリイシ,熊本県,天草市,新和町碇石
8630102,クマモトケン,アマクサシ,シンワマチオオタオ,熊本県,天草市,新和町大多尾
8630103,クマモトケン,アマクサシ,シンワマチオオミヤジ,熊本県,天草市,新和町大宮地
8630101,クマモトケン,アマクサシ,シンワマチコミヤジ,熊本県,天草市,新和町小宮地
8631112,クマモトケン,アマクサシ,シンワマチナカダ,熊本県,天草市,新和町中田
8616301,クマモトケン,アマクサシ,スモトマチウチダ,熊本県,天草市,栖本町打田
8616302,クマモトケン,アマクサシ,スモトマチカワチ,熊本県,天草市,栖本町河内
8616303,クマモトケン,アマクサシ,スモトマチババ,熊本県,天草市,栖本町馬場
8616304,クマモトケン,アマクサシ,スモトマチフルエ,熊本県,天草市,栖本町古江
8616305,クマモトケン,アマクサシ,スモトマチユフネハラ,熊本県,天草市,栖本町湯船原
8630037,クマモトケン,アマクサシ,スワマチ,熊本県,天草市,諏訪町
8630042,クマモトケン,アマクサシ,セドマチ,熊本県,天草市,瀬戸町
8630023,クマモトケン,アマクサシ,チュウオウシンマチ,熊本県,天草市,中央新町
8630048,クマモトケン,アマクサシ,ナカムラマチ,熊本県,天草市,中村町
8630045,クマモトケン,アマクサシ,ハジウトマチ,熊本県,天草市,枦宇土町
8630047,クマモトケン,アマクサシ,ハチマンマチ,熊本県,天草市,八幡町
8630018,クマモトケン,アマクサシ,ハマサキマチ,熊本県,天草市,浜崎町
8630014,クマモトケン,アマクサシ,ヒガシハママチ,熊本県,天草市,東浜町
8630033,クマモトケン,アマクサシ,ヒガシマチ,熊本県,天草市,東町
8631511,クマモトケン,アマクサシ,フカミマチ,熊本県,天草市,深海町
8631432,クマモトケン,アマクサシ,フタウラマチカメウラ,熊本県,天草市,二浦町亀浦
8631431,クマモトケン,アマクサシ,フタウラマチハヤウラ,熊本県,天草市,二浦町早浦
8630017,クマモトケン,アマクサシ,フネノオマチ,熊本県,天草市,船之尾町
8630025,クマモトケン,アマクサシ,フルカワマチ,熊本県,天草市,古川町
8630001,クマモトケン,アマクサシ,ホンドマチヒロセ,熊本県,天草市,本渡町広瀬
8630003,クマモトケン,アマクサシ,ホンドマチホンド,熊本県,天草市,本渡町本渡
8630002,クマモトケン,アマクサシ,ホンドマチホントババ,熊本県,天草市,本渡町本戸馬場
8630004,クマモトケン,アマクサシ,ホンドマチモトイズミ,熊本県,天草市,本渡町本泉
8630006,クマモトケン,アマクサシ,ホンマチシモガワチ,熊本県,天草市,本町下河内
8630005,クマモトケン,アマクサシ,ホンマチシンキュウ,熊本県,天草市,本町新休
8630007,クマモトケン,アマクサシ,ホンマチホン,熊本県,天草市,本町本
8630050,クマモトケン,アマクサシ,マルオマチ,熊本県,天草市,丸尾町
8630021,クマモトケン,アマクサシ,ミナトマチ,熊本県,天草市,港町
8630031,クマモトケン,アマクサシ,ミナミシンマチ,熊本県,天草市,南新町
8630038,クマモトケン,アマクサシ,ミナミマチ,熊本県,天草市,南町
8631161,クマモトケン,アマクサシ,ミヤジダケマチ,熊本県,天草市,宮地岳町
8630035,クマモトケン,アマクサシ,ヤマノテマチ,熊本県,天草市,山の手町
8611100,クマモトケン,コウシシ,イカニケイサイガナイバアイ,熊本県,合志市,以下に掲載がない場合
8611101,クマモトケン,コウシシ,アイオイ,熊本県,合志市,合生
8611111,クマモトケン,コウシシ,カミノショウ,熊本県,合志市,上庄
8611112,クマモトケン,コウシシ,キクドミ,熊本県,合志市,幾久富
8611113,クマモトケン,コウシシ,サカエ,熊本県,合志市,栄
8611102,クマモトケン,コウシシ,スヤ,熊本県,合志市,須屋
8611114,クマモトケン,コウシシ,タカバ,熊本県,合志市,竹迫
8611115,クマモトケン,コウシシ,トヨオカ,熊本県,合志市,豊岡
8611103,クマモトケン,コウシシ,ノノシマ,熊本県,合志市,野々島
8611116,クマモトケン,コウシシ,フクハラ,熊本県,合志市,福原
8611104,クマモトケン,コウシシ,ミヨシ,熊本県,合志市,御代志
8611105,クマモトケン,コウシシ,ワブ,熊本県,合志市,上生
8614700,クマモトケン,シモマシキグンミサトマチ,イカニケイサイガナイバアイ,熊本県,下益城郡美里町,以下に掲載がない場合
8614714,クマモトケン,シモマシキグンミサトマチ,アベ,熊本県,下益城郡美里町,安部
8614716,クマモトケン,シモマシキグンミサトマチ,イシノ,熊本県,下益城郡美里町,石野
8614734,クマモトケン,シモマシキグンミサトマチ,イマ,熊本県,下益城郡美里町,今
8614404,クマモトケン,シモマシキグンミサトマチ,イワシタ,熊本県,下益城郡美里町,岩下
8614413,クマモトケン,シモマシキグンミサトマチ,イワノ,熊本県,下益城郡美里町,岩野
8614703,クマモトケン,シモマシキグンミサトマチ,ウネノ,熊本県,下益城郡美里町,畝野
8614701,クマモトケン,シモマシキグンミサトマチ,オオイソウ,熊本県,下益城郡美里町,大井早
8614726,クマモトケン,シモマシキグンミサトマチ,オオクボ,熊本県,下益城郡美里町,大窪
8614401,クマモトケン,シモマシキグンミサトマチ,オオソウズ,熊本県,下益城郡美里町,大沢水
8614712,クマモトケン,シモマシキグンミサトマチ,カシワガワ,熊本県,下益城郡美里町,柏川
8614402,クマモトケン,シモマシキグンミサトマチ,カタシダ,熊本県,下益城郡美里町,堅志田
8614405,クマモトケン,シモマシキグンミサトマチ,カヤノ,熊本県,下益城郡美里町,萱野
8614707,クマモトケン,シモマシキグンミサトマチ,カワゴシ,熊本県,下益城郡美里町,川越
8614425,クマモトケン,シモマシキグンミサトマチ,キソガワチ,熊本県,下益城郡美里町,木早川内
8614715,クマモトケン,シモマシキグンミサトマチ,キヨミズ,熊本県,下益城郡美里町,清水
8614731,クマモトケン,シモマシキグンミサトマチ,クリザキ,熊本県,下益城郡美里町,栗崎
8614424,クマモトケン,シモマシキグンミサトマチ,コイチノ,熊本県,下益城郡美里町,小市野
8614706,クマモトケン,シモマシキグンミサトマチ,コウサビラ,熊本県,下益城郡美里町,甲佐平
8614737,クマモトケン,シモマシキグンミサトマチ,コガ,熊本県,下益城郡美里町,古閑
8614411,クマモトケン,シモマシキグンミサトマチ,コムシロ,熊本県,下益城郡美里町,小筵
8614723,クマモトケン,シモマシキグンミサトマチ,サカイ,熊本県,下益城郡美里町,境
8614725,クマモトケン,シモマシキグンミサトマチ,サカヌキ,熊本県,下益城郡美里町,坂貫
8614415,クマモトケン,シモマシキグンミサトマチ,サカモト,熊本県,下益城郡美里町,坂本
8614412,クマモトケン,シモマシキグンミサトマチ,サマタ,熊本県,下益城郡美里町,佐俣
8614735,クマモトケン,シモマシキグンミサトマチ,サンガ,熊本県,下益城郡美里町,三加
8614426,クマモトケン,シモマシキグンミサトマチ,シライシノ,熊本県,下益城郡美里町,白石野
8614721,クマモトケン,シモマシキグンミサトマチ,ツチバミ,熊本県,下益城郡美里町,土喰
8614414,クマモトケン,シモマシキグンミサトマチ,ツバキ,熊本県,下益城郡美里町,椿
8614427,クマモトケン,シモマシキグンミサトマチ,ツル,熊本県,下益城郡美里町,津留
8614702,クマモトケン,シモマシキグンミサトマチ,トオノ,熊本県,下益城郡美里町,遠野
8614705,クマモトケン,シモマシキグンミサトマチ,トヨトミ,熊本県,下益城郡美里町,豊富
8614417,クマモトケン,シモマシキグンミサトマチ,ナカ,熊本県,下益城郡美里町,中
8614422,クマモトケン,シモマシキグンミサトマチ,ナガオノ,熊本県,下益城郡美里町,長尾野
8614403,クマモトケン,シモマシキグンミサトマチ,ナカゴオリ,熊本県,下益城郡美里町,中郡
8614407,クマモトケン,シモマシキグンミサトマチ,ナカショウジ,熊本県,下益城郡美里町,中小路
8614722,クマモトケン,シモマシキグンミサトマチ,ナガトミ,熊本県,下益城郡美里町,永富
8614736,クマモトケン,シモマシキグンミサトマチ,ナゴシダニ,熊本県,下益城郡美里町,名越谷
8614733,クマモトケン,シモマシキグンミサトマチ,ニワダ,熊本県,下益城郡美里町,二和田
8614406,クマモトケン,シモマシキグンミサトマチ,ババ,熊本県,下益城郡美里町,馬場
8614713,クマモトケン,シモマシキグンミサトマチ,ハヤクス,熊本県,下益城郡美里町,早楠
8614416,クマモトケン,シモマシキグンミサトマチ,ハライガワ,熊本県,下益城郡美里町,払川
8614421,クマモトケン,シモマシキグンミサトマチ,ハラダ,熊本県,下益城郡美里町,原田
8614727,クマモトケン,シモマシキグンミサトマチ,ハラマチ,熊本県,下益城郡美里町,原町
8614711,クマモトケン,シモマシキグンミサトマチ,ホラオカ,熊本県,下益城郡美里町,洞岳
8614423,クマモトケン,シモマシキグンミサトマチ,マツノハラ,熊本県,下益城郡美里町,松野原
8614732,クマモトケン,シモマシキグンミサトマチ,ミツワ,熊本県,下益城郡美里町,三和
8614704,クマモトケン,シモマシキグンミサトマチ,ユイ,熊本県,下益城郡美里町,涌井
8690300,クマモトケン,タマナグンギョクトウマチ,イカニケイサイガナイバアイ,熊本県,玉名郡玉東町,以下に掲載がない場合
8690301,クマモトケン,タマナグンギョクトウマチ,イナサ,熊本県,玉名郡玉東町,稲佐
8690304,クマモトケン,タマナグンギョクトウマチ,ウラタ,熊本県,玉名郡玉東町,浦田
8690305,クマモトケン,タマナグンギョクトウマチ,カミコノハ,熊本県,玉名郡玉東町,上木葉
8690313,クマモトケン,タマナグンギョクトウマチ,カミシラキ,熊本県,玉名郡玉東町,上白木
8690303,クマモトケン,タマナグンギョクトウマチ,コノハ,熊本県,玉名郡玉東町,木葉
8690321,クマモトケン,タマナグンギョクトウマチ,サイアンジ,熊本県,玉名郡玉東町,西安寺
8690312,クマモトケン,タマナグンギョクトウマチ,シラキ,熊本県,玉名郡玉東町,白木
8690322,クマモトケン,タマナグンギョクトウマチ,ハラクラ,熊本県,玉名郡玉東町,原倉
8690311,クマモトケン,タマナグンギョクトウマチ,フタマタ,熊本県,玉名郡玉東町,二俣
8690302,クマモトケン,タマナグンギョクトウマチ,ヤマグチ,熊本県,玉名郡玉東町,山口
8610800,クマモトケン,タマナグンナンカンマチ,イカニケイサイガナイバアイ,熊本県,玉名郡南関町,以下に掲載がない場合
8610812,クマモトケン,タマナグンナンカンマチ,アイノタニ,熊本県,玉名郡南関町,相谷
8610832,クマモトケン,タマナグンナンカンマチ,イマ,熊本県,玉名郡南関町,今
8610822,クマモトケン,タマナグンナンカンマチ,カミサカシタ,熊本県,玉名郡南関町,上坂下
8610837,クマモトケン,タマナグンナンカンマチ,カミナガタ,熊本県,玉名郡南関町,上長田
8610836,クマモトケン,タマナグンナンカンマチ,クシゲ,熊本県,玉名郡南関町,久重
8610814,クマモトケン,タマナグンナンカンマチ,コエイ,熊本県,玉名郡南関町,肥猪
8610813,クマモトケン,タマナグンナンカンマチ,コエイマチ,熊本県,玉名郡南関町,肥猪町
8610811,クマモトケン,タマナグンナンカンマチ,コバル,熊本県,玉名郡南関町,小原
8610821,クマモトケン,タマナグンナンカンマチ,シモサカシタ,熊本県,玉名郡南関町,下坂下
8610805,クマモトケン,タマナグンナンカンマチ,セキシモ,熊本県,玉名郡南関町,関下
8610801,クマモトケン,タマナグンナンカンマチ,セキホカメ,熊本県,玉名郡南関町,関外目
8610803,クマモトケン,タマナグンナンカンマチ,セキマチ,熊本県,玉名郡南関町,関町
8610804,クマモトケン,タマナグンナンカンマチ,セキムラ,熊本県,玉名郡南関町,関村
8610802,クマモトケン,タマナグンナンカンマチ,セキヒガシ,熊本県,玉名郡南関町,関東
8610833,クマモトケン,タマナグンナンカンマチ,タカクノ,熊本県,玉名郡南関町,高久野
8610815,クマモトケン,タマナグンナンカンマチ,トヨナガ,熊本県,玉名郡南関町,豊永
8610835,クマモトケン,タマナグンナンカンマチ,ナガヤマ,熊本県,玉名郡南関町,長山
8610831,クマモトケン,タマナグンナンカンマチ,ホソナガ,熊本県,玉名郡南関町,細永
8610834,クマモトケン,タマナグンナンカンマチ,ミヤオ,熊本県,玉名郡南関町,宮尾
8610823,クマモトケン,タマナグンナンカンマチ,ヨツハラ,熊本県,玉名郡南関町,四ツ原
8690100,クマモトケン,タマナグンナガスマチ,イカニケイサイガナイバアイ,熊本県,玉名郡長洲町,以下に掲載がない場合
8690113,クマモトケン,タマナグンナガスマチ,アリアケ,熊本県,玉名郡長洲町,有明
8690122,クマモトケン,タマナグンナガスマチ,ウメダ,熊本県,玉名郡長洲町,梅田
8690102,クマモトケン,タマナグンナガスマチ,オリサキ,熊本県,玉名郡長洲町,折崎
8690104,クマモトケン,タマナグンナガスマチ,カミオキノス,熊本県,玉名郡長洲町,上沖洲
8690105,クマモトケン,タマナグンナガスマチ,セイゲンジ,熊本県,玉名郡長洲町,清源寺
8690121,クマモトケン,タマナグンナガスマチ,タカハマ,熊本県,玉名郡長洲町,高浜
8690106,クマモトケン,タマナグンナガスマチ,ナガシオ,熊本県,玉名郡長洲町,永塩
8690123,クマモトケン,タマナグンナガスマチ,ナガス,熊本県,玉名郡長洲町,長洲
8690103,クマモトケン,タマナグンナガスマチ,ハラカ,熊本県,玉名郡長洲町,腹赤
8690112,クマモトケン,タマナグンナガスマチ,ヒメガウラ,熊本県,玉名郡長洲町,姫ケ浦
8690101,クマモトケン,タマナグンナガスマチ,ミヤノ,熊本県,玉名郡長洲町,宮野
8690111,クマモトケン,タマナグンナガスマチ,メイシハマ,熊本県,玉名郡長洲町,名石浜
8650100,クマモトケン,タマナグンナゴミマチ,イカニケイサイガナイバアイ,熊本県,玉名郡和水町,以下に掲載がない場合
8610913,クマモトケン,タマナグンナゴミマチ,イタクス,熊本県,玉名郡和水町,板楠
8610922,クマモトケン,タマナグンナゴミマチ,イワ,熊本県,玉名郡和水町,岩
8650114,クマモトケン,タマナグンナゴミマチ,イワシリ,熊本県,玉名郡和水町,岩尻
8650104,クマモトケン,タマナグンナゴミマチ,ウチダ,熊本県,玉名郡和水町,内田
8650101,クマモトケン,タマナグンナゴミマチ,エグリ,熊本県,玉名郡和水町,江栗
8650136,クマモトケン,タマナグンナゴミマチ,エタ,熊本県,玉名郡和水町,江田
8650121,クマモトケン,タマナグンナゴミマチ,エノキバル,熊本県,玉名郡和水町,榎原
8610924,クマモトケン,タマナグンナゴミマチ,オオタグロ,熊本県,玉名郡和水町,大田黒
8650112,クマモトケン,タマナグンナゴミマチ,オオヤ,熊本県,玉名郡和水町,大屋
8650116,クマモトケン,タマナグンナゴミマチ,カマド,熊本県,玉名郡和水町,竈門
8610914,クマモトケン,タマナグンナゴミマチ,カミイタクス,熊本県,玉名郡和水町,上板楠
8610911,クマモトケン,タマナグンナゴミマチ,カミジッチョウ,熊本県,玉名郡和水町,上十町
8610901,クマモトケン,タマナグンナゴミマチ,カミワニ,熊本県,玉名郡和水町,上和仁
8650115,クマモトケン,タマナグンナゴミマチ,クベノ,熊本県,玉名郡和水町,久米野
8650117,クマモトケン,タマナグンナゴミマチ,シグチナガ,熊本県,玉名郡和水町,志口永
8650111,クマモトケン,タマナグンナゴミマチ,シモツワラ,熊本県,玉名郡和水町,下津原
8650135,クマモトケン,タマナグンナゴミマチ,セガワ,熊本県,玉名郡和水町,瀬川
8650122,クマモトケン,タマナグンナゴミマチ,タカノ,熊本県,玉名郡和水町,高野
8610921,クマモトケン,タマナグンナゴミマチ,ツダ,熊本県,玉名郡和水町,津田
8650103,クマモトケン,タマナグンナゴミマチ,ナガオダ,熊本県,玉名郡和水町,長小田
8610912,クマモトケン,タマナグンナゴミマチ,ナカジッチョウ,熊本県,玉名郡和水町,中十町
8610905,クマモトケン,タマナグンナゴミマチ,ナカバヤシ,熊本県,玉名郡和水町,中林
8610902,クマモトケン,タマナグンナゴミマチ,ナカワニ,熊本県,玉名郡和水町,中和仁
8610906,クマモトケン,タマナグンナゴミマチ,ニシヨシジ,熊本県,玉名郡和水町,西吉地
8610925,クマモトケン,タマナグンナゴミマチ,ノダ,熊本県,玉名郡和水町,野田
8650132,クマモトケン,タマナグンナゴミマチ,ハギワラ,熊本県,玉名郡和水町,萩原
8650124,クマモトケン,タマナグンナゴミマチ,ハルグチ,熊本県,玉名郡和水町,原口
8610904,クマモトケン,タマナグンナゴミマチ,ヒガシヨシジ,熊本県,玉名郡和水町,東吉地
8650102,クマモトケン,タマナグンナゴミマチ,ヒサイバル,熊本県,玉名郡和水町,久井原
8650134,クマモトケン,タマナグンナゴミマチ,ヒビラ,熊本県,玉名郡和水町,日平
8610923,クマモトケン,タマナグンナゴミマチ,ヒラノ,熊本県,玉名郡和水町,平野
8650125,クマモトケン,タマナグンナゴミマチ,フジタ,熊本県,玉名郡和水町,藤田
8650133,クマモトケン,タマナグンナゴミマチ,ヘボウラ,熊本県,玉名郡和水町,蜻浦
8650126,クマモトケン,タマナグンナゴミマチ,マエバル,熊本県,玉名郡和水町,前原
8650123,クマモトケン,タマナグンナゴミマチ,メドオ,熊本県,玉名郡和水町,米渡尾
8650131,クマモトケン,タマナグンナゴミマチ,モテギ,熊本県,玉名郡和水町,用木
8650113,クマモトケン,タマナグンナゴミマチ,ヤイゴメ,熊本県,玉名郡和水町,焼米
8610915,クマモトケン,タマナグンナゴミマチ,ヤマジッチョウ,熊本県,玉名郡和水町,山十町
8610903,クマモトケン,タマナグンナゴミマチ,ワニ,熊本県,玉名郡和水町,和仁
8691200,クマモトケン,キクチグンオオヅマチ,イカニケイサイガナイバアイ,熊本県,菊池郡大津町,以下に掲載がない場合
8691222,クマモトケン,キクチグンオオヅマチ,イワサカ,熊本県,菊池郡大津町,岩坂
8691233,クマモトケン,キクチグンオオヅマチ,オオヅ,熊本県,菊池郡大津町,大津
8691219,クマモトケン,キクチグンオオヅマチ,オオバヤシ,熊本県,菊池郡大津町,大林
8691225,クマモトケン,キクチグンオオヅマチ,シモマチ,熊本県,菊池郡大津町,下町
8691227,クマモトケン,キクチグンオオヅマチ,シン,熊本県,菊池郡大津町,新
8691221,クマモトケン,キクチグンオオヅマチ,ジンナイ,熊本県,菊池郡大津町,陣内
8691236,クマモトケン,キクチグンオオヅマチ,スギミズ,熊本県,菊池郡大津町,杉水
8691214,クマモトケン,キクチグンオオヅマチ,セタ,熊本県,菊池郡大津町,瀬田
8691232,クマモトケン,キクチグンオオヅマチ,タカオノ,熊本県,菊池郡大津町,高尾野
8691223,クマモトケン,キクチグンオオヅマチ,ナカシマ,熊本県,菊池郡大津町,中島
8691216,クマモトケン,キクチグンオオヅマチ,ニシキノ,熊本県,菊池郡大津町,錦野
8691226,クマモトケン,キクチグンオオヅマチ,ハイヅカ,熊本県,菊池郡大津町,灰塚
8691234,クマモトケン,キクチグンオオヅマチ,ヒキノミズ,熊本県,菊池郡大津町,引水
8691231,クマモトケン,キクチグンオオヅマチ,ヒラカワ,熊本県,菊池郡大津町,平川
8691218,クマモトケン,キクチグンオオヅマチ,フケダ,熊本県,菊池郡大津町,吹田
8691213,クマモトケン,キクチグンオオヅマチ,フルジョウ,熊本県,菊池郡大津町,古城
8691215,クマモトケン,キクチグンオオヅマチ,ホカマキ,熊本県,菊池郡大津町,外牧
8691212,クマモトケン,キクチグンオオヅマチ,マキ,熊本県,菊池郡大津町,真木
8691224,クマモトケン,キクチグンオオヅマチ,マチ,熊本県,菊池郡大津町,町
8691237,クマモトケン,キクチグンオオヅマチ,ミサキノ,熊本県,菊池郡大津町,美咲野
8691235,クマモトケン,キクチグンオオヅマチ,ムロ,熊本県,菊池郡大津町,室
8691217,クマモトケン,キクチグンオオヅマチ,モリ,熊本県,菊池郡大津町,森
8691211,クマモトケン,キクチグンオオヅマチ,ヤゴガワ,熊本県,菊池郡大津町,矢護川
8691100,クマモトケン,キクチグンキクヨウマチ,イカニケイサイガナイバアイ,熊本県,菊池郡菊陽町,以下に掲載がない場合
8691115,クマモトケン,キクチグンキクヨウマチ,オキノ,熊本県,菊池郡菊陽町,沖野
8691107,クマモトケン,キクチグンキクヨウマチ,カラカワ,熊本県,菊池郡菊陽町,辛川
8691103,クマモトケン,キクチグンキクヨウマチ,クボタ,熊本県,菊池郡菊陽町,久保田
8691114,クマモトケン,キクチグンキクヨウマチ,コウヨウダイ,熊本県,菊池郡菊陽町,向陽台
8691109,クマモトケン,キクチグンキクヨウマチ,シンヤマ,熊本県,菊池郡菊陽町,新山
8691110,クマモトケン,キクチグンキクヨウマチ,スギナミダイ,熊本県,菊池郡菊陽町,杉並台
8691101,クマモトケン,キクチグンキクヨウマチ,ツクレ,熊本県,菊池郡菊陽町,津久礼
8691104,クマモトケン,キクチグンキクヨウマチ,トツギ,熊本県,菊池郡菊陽町,戸次
8691113,クマモトケン,キクチグンキクヨウマチ,ハナタテ,熊本県,菊池郡菊陽町,花立
8691105,クマモトケン,キクチグンキクヨウマチ,ババグス,熊本県,菊池郡菊陽町,馬場楠
8691102,クマモトケン,キクチグンキクヨウマチ,ハラミズ,熊本県,菊池郡菊陽町,原水
8691108,クマモトケン,キクチグンキクヨウマチ,ヒカリノモリ,熊本県,菊池郡菊陽町,光の森
8691106,クマモトケン,キクチグンキクヨウマチ,マガテ,熊本県,菊池郡菊陽町,曲手
8691111,クマモトケン,キクチグンキクヨウマチ,ムサシガオカ,熊本県,菊池郡菊陽町,武蔵ケ丘
8691112,クマモトケン,キクチグンキクヨウマチ,ムサシガオカキタ,熊本県,菊池郡菊陽町,武蔵ケ丘北
8692400,クマモトケン,アソグンミナミオグニマチ,イカニケイサイガナイバアイ,熊本県,阿蘇郡南小国町,以下に掲載がない場合
8692401,クマモトケン,アソグンミナミオグニマチ,アカババ,熊本県,阿蘇郡南小国町,赤馬場
8692403,クマモトケン,アソグンミナミオグニマチ,ナカバル,熊本県,阿蘇郡南小国町,中原
8692402,クマモトケン,アソグンミナミオグニマチ,マンガンジ,熊本県,阿蘇郡南小国町,満願寺
8692500,クマモトケン,アソグンオグニマチ,イカニケイサイガナイバアイ,熊本県,阿蘇郡小国町,以下に掲載がない場合
8692506,クマモトケン,アソグンオグニマチ,カミダ,熊本県,阿蘇郡小国町,上田
8692505,クマモトケン,アソグンオグニマチ,キタザト,熊本県,阿蘇郡小国町,北里
8692502,クマモトケン,アソグンオグニマチ,クロブチ,熊本県,阿蘇郡小国町,黒渕
8692503,クマモトケン,アソグンオグニマチ,シモジョウ,熊本県,阿蘇郡小国町,下城
8692504,クマモトケン,アソグンオグニマチ,ニシザト,熊本県,阿蘇郡小国町,西里
8692501,クマモトケン,アソグンオグニマチ,ミヤハラ,熊本県,阿蘇郡小国町,宮原
8692700,クマモトケン,アソグンウブヤマムラ,イカニケイサイガナイバアイ,熊本県,阿蘇郡産山村,以下に掲載がない場合
8692705,クマモトケン,アソグンウブヤマムラ,ウブヤマ,熊本県,阿蘇郡産山村,産山
8692702,クマモトケン,アソグンウブヤマムラ,オオリ,熊本県,阿蘇郡産山村,大利
8692701,クマモトケン,アソグンウブヤマムラ,カタマタ,熊本県,阿蘇郡産山村,片俣
8692704,クマモトケン,アソグンウブヤマムラ,タジリ,熊本県,阿蘇郡産山村,田尻
8692703,クマモトケン,アソグンウブヤマムラ,ヤマガ,熊本県,阿蘇郡産山村,山鹿
8691600,クマモトケン,アソグンタカモリマチ,イカニケイサイガナイバアイ,熊本県,阿蘇郡高森町,以下に掲載がない場合
8691825,クマモトケン,アソグンタカモリマチ,オクダリ,熊本県,阿蘇郡高森町,尾下
8691601,クマモトケン,アソグンタカモリマチ,カミシキミ,熊本県,阿蘇郡高森町,上色見
8691826,クマモトケン,アソグンタカモリマチ,カワラ,熊本県,阿蘇郡高森町,河原
8691811,クマモトケン,アソグンタカモリマチ,クサカベ,熊本県,阿蘇郡高森町,草部
8691603,クマモトケン,アソグンタカモリマチ,シキミ,熊本県,阿蘇郡高森町,色見
8691815,クマモトケン,アソグンタカモリマチ,シタギリ,熊本県,阿蘇郡高森町,下切
8691813,クマモトケン,アソグンタカモリマチ,スガヤマ,熊本県,阿蘇郡高森町,菅山
8691812,クマモトケン,アソグンタカモリマチ,セリグチ,熊本県,阿蘇郡高森町,芹口
8691602,クマモトケン,アソグンタカモリマチ,タカモリ,熊本県,阿蘇郡高森町,高森
8691823,クマモトケン,アソグンタカモリマチ,ツル,熊本県,阿蘇郡高森町,津留
8691821,クマモトケン,アソグンタカモリマチ,ナカ,熊本県,阿蘇郡高森町,中
8691814,クマモトケン,アソグンタカモリマチ,ナガノハル,熊本県,阿蘇郡高森町,永野原
8691824,クマモトケン,アソグンタカモリマチ,ノジリ,熊本県,阿蘇郡高森町,野尻
8691822,クマモトケン,アソグンタカモリマチ,ヤツダ,熊本県,阿蘇郡高森町,矢津田
8612400,クマモトケン,アソグンニシハラムラ,イカニケイサイガナイバアイ,熊本県,阿蘇郡西原村,以下に掲載がない場合
8612404,クマモトケン,アソグンニシハラムラ,カワハラ,熊本県,阿蘇郡西原村,河原
8612402,クマモトケン,アソグンニシハラムラ,コモリ,熊本県,阿蘇郡西原村,小森
8612401,クマモトケン,アソグンニシハラムラ,トリコ,熊本県,阿蘇郡西原村,鳥子
8612403,クマモトケン,アソグンニシハラムラ,フタ,熊本県,阿蘇郡西原村,布田
8612405,クマモトケン,アソグンニシハラムラ,ミヤヤマ,熊本県,阿蘇郡西原村,宮山
8691400,クマモトケン,アソグンミナミアソムラ,イカニケイサイガナイバアイ,熊本県,阿蘇郡南阿蘇村,以下に掲載がない場合
8691504,クマモトケン,アソグンミナミアソムラ,イチゼキ,熊本県,阿蘇郡南阿蘇村,一関
8691411,クマモトケン,アソグンミナミアソムラ,カイン,熊本県,阿蘇郡南阿蘇村,河陰
8691404,クマモトケン,アソグンミナミアソムラ,カワヨウ,熊本県,阿蘇郡南阿蘇村,河陽
8691402,クマモトケン,アソグンミナミアソムラ,シモノ,熊本県,阿蘇郡南阿蘇村,下野
8691502,クマモトケン,アソグンミナミアソムラ,シラカワ,熊本県,阿蘇郡南阿蘇村,白川
8691401,クマモトケン,アソグンミナミアソムラ,タテノ,熊本県,阿蘇郡南阿蘇村,立野
8691403,クマモトケン,アソグンミナミアソムラ,ナガノ,熊本県,阿蘇郡南阿蘇村,長野
8692205,クマモトケン,アソグンミナミアソムラ,ナカマツ(フルボウチュウ),熊本県,阿蘇郡南阿蘇村,中松（古坊中）
8691505,クマモトケン,アソグンミナミアソムラ,ナカマツ(ソノタ),熊本県,阿蘇郡南阿蘇村,中松（その他）
8691412,クマモトケン,アソグンミナミアソムラ,ヒサイシ,熊本県,阿蘇郡南阿蘇村,久石
8691503,クマモトケン,アソグンミナミアソムラ,ヨシダ,熊本県,阿蘇郡南阿蘇村,吉田
8691501,クマモトケン,アソグンミナミアソムラ,リョウヘイ,熊本県,阿蘇郡南阿蘇村,両併
8613200,クマモトケン,カミマシキグンミフネマチ,イカニケイサイガナイバアイ,熊本県,上益城郡御船町,以下に掲載がない場合
8613322,クマモトケン,カミマシキグンミフネマチ,ウエノ,熊本県,上益城郡御船町,上野
8613202,クマモトケン,カミマシキグンミフネマチ,オザカ,熊本県,上益城郡御船町,小坂
8613204,クマモトケン,カミマシキグンミフネマチ,キノクラ,熊本県,上益城郡御船町,木倉
8613201,クマモトケン,カミマシキグンミフネマチ,ジン,熊本県,上益城郡御船町,陣
8613203,クマモトケン,カミマシキグンミフネマチ,タカキ,熊本県,上益城郡御船町,高木
8613208,クマモトケン,カミマシキグンミフネマチ,タキオ,熊本県,上益城郡御船町,滝尾
8613205,クマモトケン,カミマシキグンミフネマチ,タキガワ,熊本県,上益城郡御船町,滝川
8613323,クマモトケン,カミマシキグンミフネマチ,タシロ,熊本県,上益城郡御船町,田代
8613131,クマモトケン,カミマシキグンミフネマチ,トヨアキ,熊本県,上益城郡御船町,豊秋
8613421,クマモトケン,カミマシキグンミフネマチ,ナナタキ(マツノハエ),熊本県,上益城郡御船町,七滝（松ノ生）
8613321,クマモトケン,カミマシキグンミフネマチ,ナナタキ(ソノタ),熊本県,上益城郡御船町,七滝（その他）
8613206,クマモトケン,カミマシキグンミフネマチ,ヘタミ,熊本県,上益城郡御船町,辺田見
8613211,クマモトケン,カミマシキグンミフネマチ,ミズコシ,熊本県,上益城郡御船町,水越
8613207,クマモトケン,カミマシキグンミフネマチ,ミフネ,熊本県,上益城郡御船町,御船
8613100,クマモトケン,カミマシキグンカシママチ,イカニケイサイガナイバアイ,熊本県,上益城郡嘉島町,以下に掲載がない場合
8613103,クマモトケン,カミマシキグンカシママチ,イテラ,熊本県,上益城郡嘉島町,井寺
8613109,クマモトケン,カミマシキグンカシママチ,イヌブチ,熊本県,上益城郡嘉島町,犬渕
8613106,クマモトケン,カミマシキグンカシママチ,ウエジマ,熊本県,上益城郡嘉島町,上島
8613107,クマモトケン,カミマシキグンカシママチ,カミナカマ,熊本県,上益城郡嘉島町,上仲間
8613105,クマモトケン,カミマシキグンカシママチ,カミロッカ,熊本県,上益城郡嘉島町,上六嘉
8613104,クマモトケン,カミマシキグンカシママチ,キタアマギ,熊本県,上益城郡嘉島町,北甘木
8613108,クマモトケン,カミマシキグンカシママチ,シモナカマ,熊本県,上益城郡嘉島町,下仲間
8613102,クマモトケン,カミマシキグンカシママチ,シモロッカ,熊本県,上益城郡嘉島町,下六嘉
8613101,クマモトケン,カミマシキグンカシママチ,ナマズ,熊本県,上益城郡嘉島町,鯰
8612200,クマモトケン,カミマシキグンマシキマチ,イカニケイサイガナイバアイ,熊本県,上益城郡益城町,以下に掲載がない場合
8612221,クマモトケン,カミマシキグンマシキマチ,アカイ,熊本県,上益城郡益城町,赤井
8612223,クマモトケン,カミマシキグンマシキマチ,オイケ,熊本県,上益城郡益城町,小池
8612204,クマモトケン,カミマシキグンマシキマチ,オヤツ,熊本県,上益城郡益城町,小谷
8612203,クマモトケン,カミマシキグンマシキマチ,カミジン,熊本県,上益城郡益城町,上陳
8612242,クマモトケン,カミマシキグンマシキマチ,キヤマ,熊本県,上益城郡益城町,木山
8612234,クマモトケン,カミマシキグンマシキマチ,コガ,熊本県,上益城郡益城町,古閑
8612201,クマモトケン,カミマシキグンマシキマチ,ジチュウ,熊本県,上益城郡益城町,寺中
8612224,クマモトケン,カミマシキグンマシキマチ,シマダ,熊本県,上益城郡益城町,島田
8612206,クマモトケン,カミマシキグンマシキマチ,シモジン,熊本県,上益城郡益城町,下陳
8612205,クマモトケン,カミマシキグンマシキマチ,スギドウ,熊本県,上益城郡益城町,杉堂
8612233,クマモトケン,カミマシキグンマシキマチ,ソウリョウ,熊本県,上益城郡益城町,惣領
8612202,クマモトケン,カミマシキグンマシキマチ,タバル,熊本県,上益城郡益城町,田原
8612243,クマモトケン,カミマシキグンマシキマチ,ツジノシロ,熊本県,上益城郡益城町,辻の城
8612244,クマモトケン,カミマシキグンマシキマチ,テラサコ,熊本県,上益城郡益城町,寺迫
8612222,クマモトケン,カミマシキグンマシキマチ,トガワ,熊本県,上益城郡益城町,砥川
8612212,クマモトケン,カミマシキグンマシキマチ,ヒラタ,熊本県,上益城郡益城町,平田
8612236,クマモトケン,カミマシキグンマシキマチ,ヒロサキ,熊本県,上益城郡益城町,広崎
8612235,クマモトケン,カミマシキグンマシキマチ,フクドミ,熊本県,上益城郡益城町,福富
8612211,クマモトケン,カミマシキグンマシキマチ,フクハラ,熊本県,上益城郡益城町,福原
8612232,クマモトケン,カミマシキグンマシキマチ,マミズ,熊本県,上益城郡益城町,馬水
8612241,クマモトケン,カミマシキグンマシキマチ,ミヤゾノ,熊本県,上益城郡益城町,宮園
8612231,クマモトケン,カミマシキグンマシキマチ,ヤスナガ,熊本県,上益城郡益城町,安永
8614600,クマモトケン,カミマシキグンコウサマチ,イカニケイサイガナイバアイ,熊本県,上益城郡甲佐町,以下に掲載がない場合
8614618,クマモトケン,カミマシキグンコウサマチ,アソバル,熊本県,上益城郡甲佐町,麻生原
8614605,クマモトケン,カミマシキグンコウサマチ,アリヤス,熊本県,上益城郡甲佐町,有安
8613242,クマモトケン,カミマシキグンコウサマチ,イトダ,熊本県,上益城郡甲佐町,糸田
8614601,クマモトケン,カミマシキグンコウサマチ,イワシタ,熊本県,上益城郡甲佐町,岩下
8614604,クマモトケン,カミマシキグンコウサマチ,オオマチ,熊本県,上益城郡甲佐町,大町
8614634,クマモトケン,カミマシキグンコウサマチ,オガ,熊本県,上益城郡甲佐町,小鹿
8614631,クマモトケン,カミマシキグンコウサマチ,カミアゲ,熊本県,上益城郡甲佐町,上揚
8614622,クマモトケン,カミマシキグンコウサマチ,カミソウガワ,熊本県,上益城郡甲佐町,上早川
8614632,クマモトケン,カミマシキグンコウサマチ,サカダニ,熊本県,上益城郡甲佐町,坂谷
8613244,クマモトケン,カミマシキグンコウサマチ,シバワラ,熊本県,上益城郡甲佐町,芝原
8614621,クマモトケン,カミマシキグンコウサマチ,シモヨコタ,熊本県,上益城郡甲佐町,下横田
8613243,クマモトケン,カミマシキグンコウサマチ,シラハタ,熊本県,上益城郡甲佐町,白旗
8613241,クマモトケン,カミマシキグンコウサマチ,ソウガワ,熊本県,上益城郡甲佐町,早川
8614616,クマモトケン,カミマシキグンコウサマチ,タグチ,熊本県,上益城郡甲佐町,田口
8614617,クマモトケン,カミマシキグンコウサマチ,ツシダ,熊本県,上益城郡甲佐町,津志田
8614607,クマモトケン,カミマシキグンコウサマチ,トヨウチ,熊本県,上益城郡甲佐町,豊内
8614614,クマモトケン,カミマシキグンコウサマチ,ナカヤマ,熊本県,上益城郡甲佐町,中山
8614623,クマモトケン,カミマシキグンコウサマチ,ナカヨコタ,熊本県,上益城郡甲佐町,中横田
8614609,クマモトケン,カミマシキグンコウサマチ,ニシサマノ,熊本県,上益城郡甲佐町,西寒野
8614633,クマモトケン,カミマシキグンコウサマチ,ニシハル,熊本県,上益城郡甲佐町,西原
8614603,クマモトケン,カミマシキグンコウサマチ,ニタゴ,熊本県,上益城郡甲佐町,仁田子
8614608,クマモトケン,カミマシキグンコウサマチ,ヒガシサマノ,熊本県,上益城郡甲佐町,東寒野
8614611,クマモトケン,カミマシキグンコウサマチ,フナツ,熊本県,上益城郡甲佐町,船津
8614615,クマモトケン,カミマシキグンコウサマチ,フリョウ,熊本県,上益城郡甲佐町,府領
8614602,クマモトケン,カミマシキグンコウサマチ,ミドリマチ,熊本県,上益城郡甲佐町,緑町
8614613,クマモトケン,カミマシキグンコウサマチ,ミナミサンガ,熊本県,上益城郡甲佐町,南三箇
8614635,クマモトケン,カミマシキグンコウサマチ,ヤスヒラ,熊本県,上益城郡甲佐町,安平
8614606,クマモトケン,カミマシキグンコウサマチ,ヨコタ,熊本県,上益城郡甲佐町,横田
8613245,クマモトケン,カミマシキグンコウサマチ,ヨシダ,熊本県,上益城郡甲佐町,吉田
8614612,クマモトケン,カミマシキグンコウサマチ,ヨモチ,熊本県,上益城郡甲佐町,世持
8613500,クマモトケン,カミマシキグンヤマトチョウ,イカニケイサイガナイバアイ,熊本県,上益城郡山都町,以下に掲載がない場合
8613781,クマモトケン,カミマシキグンヤマトチョウ,アサヤマ,熊本県,上益城郡山都町,麻山
8613541,クマモトケン,カミマシキグンヤマトチョウ,アシヤダ,熊本県,上益城郡山都町,芦屋田
8613521,クマモトケン,カミマシキグンヤマトチョウ,アラダニ,熊本県,上益城郡山都町,荒谷
8613937,クマモトケン,カミマシキグンヤマトチョウ,イセ,熊本県,上益城郡山都町,伊勢
8613842,クマモトケン,カミマシキグンヤマトチョウ,イチノハル,熊本県,上益城郡山都町,市野原
8613542,クマモトケン,カミマシキグンヤマトチョウ,イチバル,熊本県,上益城郡山都町,市原
8613665,クマモトケン,カミマシキグンヤマトチョウ,イヌカイ,熊本県,上益城郡山都町,犬飼
8613913,クマモトケン,カミマシキグンヤマトチョウ,イマ,熊本県,上益城郡山都町,今
8613832,クマモトケン,カミマシキグンヤマトチョウ,イムタ,熊本県,上益城郡山都町,井無田
8613511,クマモトケン,カミマシキグンヤマトチョウ,イリサ,熊本県,上益城郡山都町,入佐
8613905,クマモトケン,カミマシキグンヤマトチョウ,オオノ,熊本県,上益城郡山都町,大野
8613811,クマモトケン,カミマシキグンヤマトチョウ,オオヒラ,熊本県,上益城郡山都町,大平
8613926,クマモトケン,カミマシキグンヤマトチョウ,オオミクチ,熊本県,上益城郡山都町,大見口
8613788,クマモトケン,カミマシキグンヤマトチョウ,オザサ,熊本県,上益城郡山都町,小笹
8613789,クマモトケン,カミマシキグンヤマトチョウ,オトコナリ,熊本県,上益城郡山都町,男成
8613844,クマモトケン,カミマシキグンヤマトチョウ,オノジリ,熊本県,上益城郡山都町,尾野尻
8613801,クマモトケン,カミマシキグンヤマトチョウ,オミネ,熊本県,上益城郡山都町,小峰
8613923,クマモトケン,カミマシキグンヤマトチョウ,カシワ,熊本県,上益城郡山都町,柏
8613451,クマモトケン,カミマシキグンヤマトチョウ,カネウチ,熊本県,上益城郡山都町,金内
8613843,クマモトケン,カミマシキグンヤマトチョウ,カマノ,熊本県,上益城郡山都町,鎌野
8613782,クマモトケン,カミマシキグンヤマトチョウ,カミガワイノ,熊本県,上益城郡山都町,上川井野
8613925,クマモトケン,カミマシキグンヤマトチョウ,カミザシオ,熊本県,上益城郡山都町,上差尾
8613906,クマモトケン,カミマシキグンヤマトチョウ,カミノマエ,熊本県,上益城郡山都町,神ノ前
8613841,クマモトケン,カミマシキグンヤマトチョウ,カリヤ,熊本県,上益城郡山都町,仮屋
8613813,クマモトケン,カミマシキグンヤマトチョウ,カワグチ,熊本県,上益城郡山都町,川口
8613784,クマモトケン,カミマシキグンヤマトチョウ,カワノ,熊本県,上益城郡山都町,川野
8613455,クマモトケン,カミマシキグンヤマトチョウ,キタナカシマ,熊本県,上益城郡山都町,北中島
8613802,クマモトケン,カミマシキグンヤマトチョウ,キハラダニ,熊本県,上益城郡山都町,木原谷
8613531,クマモトケン,カミマシキグンヤマトチョウ,クズハラ,熊本県,上益城郡山都町,葛原
8613501,クマモトケン,カミマシキグンヤマトチョウ,クロカワ,熊本県,上益城郡山都町,黒川
8613512,クマモトケン,カミマシキグンヤマトチョウ,ゲバオ,熊本県,上益城郡山都町,下馬尾
8613834,クマモトケン,カミマシキグンヤマトチョウ,コウヅキ,熊本県,上益城郡山都町,高月
8613831,クマモトケン,カミマシキグンヤマトチョウ,ゴウノハル,熊本県,上益城郡山都町,郷野原
8613502,クマモトケン,カミマシキグンヤマトチョウ,ゴショ,熊本県,上益城郡山都町,御所
8613803,クマモトケン,カミマシキグンヤマトチョウ,コナカダケ,熊本県,上益城郡山都町,小中竹
8613532,クマモトケン,カミマシキグンヤマトチョウ,サルワタリ,熊本県,上益城郡山都町,猿渡
8613533,クマモトケン,カミマシキグンヤマトチョウ,サンガ,熊本県,上益城郡山都町,三ケ
8613915,クマモトケン,カミマシキグンヤマトチョウ,シオイデサコ,熊本県,上益城郡山都町,塩出迫
8613916,クマモトケン,カミマシキグンヤマトチョウ,シオバル,熊本県,上益城郡山都町,塩原
8613454,クマモトケン,カミマシキグンヤマトチョウ,シマキ,熊本県,上益城郡山都町,島木
8613513,クマモトケン,カミマシキグンヤマトチョウ,シモイチ,熊本県,上益城郡山都町,下市
8613786,クマモトケン,カミマシキグンヤマトチョウ,シモガワイノ,熊本県,上益城郡山都町,下川井野
8613503,クマモトケン,カミマシキグンヤマトチョウ,シモナレイシ,熊本県,上益城郡山都町,下名連石
8613932,クマモトケン,カミマシキグンヤマトチョウ,シモヤマ,熊本県,上益城郡山都町,下山
8613543,クマモトケン,カミマシキグンヤマトチョウ,ジョウテラ,熊本県,上益城郡山都町,上寺
8613514,クマモトケン,カミマシキグンヤマトチョウ,ジョウハラ,熊本県,上益城郡山都町,城原
8613515,クマモトケン,カミマシキグンヤマトチョウ,ジョウヒラ,熊本県,上益城郡山都町,城平
8613907,クマモトケン,カミマシキグンヤマトチョウ,シライシ,熊本県,上益城郡山都町,白石
8613522,クマモトケン,カミマシキグンヤマトチョウ,シラオノ,熊本県,上益城郡山都町,白小野
8613664,クマモトケン,カミマシキグンヤマトチョウ,シラフジ,熊本県,上益城郡山都町,白藤
8613663,クマモトケン,カミマシキグンヤマトチョウ,シンコ,熊本県,上益城郡山都町,新小
8613544,クマモトケン,カミマシキグンヤマトチョウ,スギキ,熊本県,上益城郡山都町,杉木
8613671,クマモトケン,カミマシキグンヤマトチョウ,スゲ,熊本県,上益城郡山都町,菅
8613911,クマモトケン,カミマシキグンヤマトチョウ,スゲオ,熊本県,上益城郡山都町,菅尾
8613805,クマモトケン,カミマシキグンヤマトチョウ,スバル,熊本県,上益城郡山都町,須原
8613523,クマモトケン,カミマシキグンヤマトチョウ,ゼイ,熊本県,上益城郡山都町,勢井
8613516,クマモトケン,カミマシキグンヤマトチョウ,センダキ,熊本県,上益城郡山都町,千滝
8613452,クマモトケン,カミマシキグンヤマトチョウ,タオノ,熊本県,上益城郡山都町,田小野
8613933,クマモトケン,カミマシキグンヤマトチョウ,タカツジ,熊本県,上益城郡山都町,高辻
8613934,クマモトケン,カミマシキグンヤマトチョウ,タカバタ,熊本県,上益城郡山都町,高畑
8613902,クマモトケン,カミマシキグンヤマトチョウ,タキガミ,熊本県,上益城郡山都町,滝上
8613931,クマモトケン,カミマシキグンヤマトチョウ,タチバナ,熊本県,上益城郡山都町,橘
8613785,クマモトケン,カミマシキグンヤマトチョウ,タドコロ,熊本県,上益城郡山都町,田所
8613927,クマモトケン,カミマシキグンヤマトチョウ,タマメ,熊本県,上益城郡山都町,玉目
8613662,クマモトケン,カミマシキグンヤマトチョウ,タヨシ,熊本県,上益城郡山都町,田吉
8613673,クマモトケン,カミマシキグンヤマトチョウ,ツル,熊本県,上益城郡山都町,津留
8613812,クマモトケン,カミマシキグンヤマトチョウ,ツルケタ,熊本県,上益城郡山都町,鶴ケ田
8613908,クマモトケン,カミマシキグンヤマトチョウ,ナガサキ,熊本県,上益城郡山都町,長崎
8613545,クマモトケン,カミマシキグンヤマトチョウ,ナガタ,熊本県,上益城郡山都町,長田
8613928,クマモトケン,カミマシキグンヤマトチョウ,ナガタニ,熊本県,上益城郡山都町,長谷
8613661,クマモトケン,カミマシキグンヤマトチョウ,ナガハラ,熊本県,上益城郡山都町,長原
8613783,クマモトケン,カミマシキグンヤマトチョウ,ナリギミ,熊本県,上益城郡山都町,成君
8613922,クマモトケン,カミマシキグンヤマトチョウ,ニセモト,熊本県,上益城郡山都町,二瀬本
8613804,クマモトケン,カミマシキグンヤマトチョウ,ヌキハル,熊本県,上益城郡山都町,貫原
8613787,クマモトケン,カミマシキグンヤマトチョウ,ノジリ,熊本県,上益城郡山都町,野尻
8613517,クマモトケン,カミマシキグンヤマトチョウ,ハタ,熊本県,上益城郡山都町,畑
8613921,クマモトケン,カミマシキグンヤマトチョウ,ハチボク,熊本県,上益城郡山都町,八木
8613914,クマモトケン,カミマシキグンヤマトチョウ,ハナガミ,熊本県,上益城郡山都町,花上
8613518,クマモトケン,カミマシキグンヤマトチョウ,ハママチ,熊本県,上益城郡山都町,浜町
8613453,クマモトケン,カミマシキグンヤマトチョウ,ハラ,熊本県,上益城郡山都町,原
8613935,クマモトケン,カミマシキグンヤマトチョウ,ヒガシタケバル,熊本県,上益城郡山都町,東竹原
8613524,クマモトケン,カミマシキグンヤマトチョウ,フジキ,熊本県,上益城郡山都町,藤木
8613924,クマモトケン,カミマシキグンヤマトチョウ,フタヅル,熊本県,上益城郡山都町,二津留
8613904,クマモトケン,カミマシキグンヤマトチョウ,ホウガノ,熊本県,上益城郡山都町,方ケ野
8613835,クマモトケン,カミマシキグンヤマトチョウ,ホトケバル,熊本県,上益城郡山都町,仏原
8613525,クマモトケン,カミマシキグンヤマトチョウ,マキノ,熊本県,上益城郡山都町,牧野
8613901,クマモトケン,カミマシキグンヤマトチョウ,マミハラ,熊本県,上益城郡山都町,馬見原
8613526,クマモトケン,カミマシキグンヤマトチョウ,マンザカ,熊本県,上益城郡山都町,万坂
8613845,クマモトケン,カミマシキグンヤマトチョウ,ミドリカワ,熊本県,上益城郡山都町,緑川
8613546,クマモトケン,カミマシキグンヤマトチョウ,ミナミダ,熊本県,上益城郡山都町,南田
8613672,クマモトケン,カミマシキグンヤマトチョウ,メマル,熊本県,上益城郡山都町,目丸
8613833,クマモトケン,カミマシキグンヤマトチョウ,ヤスカタ,熊本県,上益城郡山都町,安方
8613903,クマモトケン,カミマシキグンヤマトチョウ,ヤナイバル,熊本県,上益城郡山都町,柳井原
8613936,クマモトケン,カミマシキグンヤマトチョウ,ヤナギ,熊本県,上益城郡山都町,柳
8613547,クマモトケン,カミマシキグンヤマトチョウ,ヤマダ,熊本県,上益城郡山都町,山田
8613534,クマモトケン,カミマシキグンヤマトチョウ,ユノキ,熊本県,上益城郡山都町,柚木
8613806,クマモトケン,カミマシキグンヤマトチョウ,ヨネオ,熊本県,上益城郡山都町,米生
8613912,クマモトケン,カミマシキグンヤマトチョウ,ヨネサコ,熊本県,上益城郡山都町,米迫
8694600,クマモトケン,ヤツシログンヒカワチョウ,イカニケイサイガナイバアイ,熊本県,八代郡氷川町,以下に掲載がない場合
8694812,クマモトケン,ヤツシログンヒカワチョウ,アミドウ,熊本県,八代郡氷川町,網道
8694604,クマモトケン,ヤツシログンヒカワチョウ,アリサ,熊本県,八代郡氷川町,有佐
8694601,クマモトケン,ヤツシログンヒカワチョウ,イマ,熊本県,八代郡氷川町,今
8694804,クマモトケン,ヤツシログンヒカワチョウ,オオノ,熊本県,八代郡氷川町,大野
8694607,クマモトケン,ヤツシログンヒカワチョウ,カコイ,熊本県,八代郡氷川町,栫
8694815,クマモトケン,ヤツシログンヒカワチョウ,カシマ,熊本県,八代郡氷川町,鹿島
8694811,クマモトケン,ヤツシログンヒカワチョウ,カノ,熊本県,八代郡氷川町,鹿野
8694806,クマモトケン,ヤツシログンヒカワチョウ,カワハラ,熊本県,八代郡氷川町,河原
8694814,クマモトケン,ヤツシログンヒカワチョウ,シマチ,熊本県,八代郡氷川町,島地
8694801,クマモトケン,ヤツシログンヒカワチョウ,シンデン,熊本県,八代郡氷川町,新田
8694802,クマモトケン,ヤツシログンヒカワチョウ,タカツカ,熊本県,八代郡氷川町,高塚
8694603,クマモトケン,ヤツシログンヒカワチョウ,タテガミ,熊本県,八代郡氷川町,立神
8694605,クマモトケン,ヤツシログンヒカワチョウ,ナカシマ,熊本県,八代郡氷川町,中島
8694805,クマモトケン,ヤツシログンヒカワチョウ,ノヅ,熊本県,八代郡氷川町,野津
8694606,クマモトケン,ヤツシログンヒカワチョウ,ハヤオ,熊本県,八代郡氷川町,早尾
8694602,クマモトケン,ヤツシログンヒカワチョウ,ミヤハラ,熊本県,八代郡氷川町,宮原
8694608,クマモトケン,ヤツシログンヒカワチョウ,ミヤハラエイキュウ,熊本県,八代郡氷川町,宮原栄久
8694803,クマモトケン,ヤツシログンヒカワチョウ,ヨシモト,熊本県,八代郡氷川町,吉本
8694813,クマモトケン,ヤツシログンヒカワチョウ,ワカス,熊本県,八代郡氷川町,若洲
8695400,クマモトケン,アシキタグンアシキタマチ,イカニケイサイガナイバアイ,熊本県,葦北郡芦北町,以下に掲載がない場合
8695561,クマモトケン,アシキタグンアシキタマチ,アシキタ(キタダ、ナカワリ、ニシワリ、マツザキ),熊本県,葦北郡芦北町,芦北（北田、中割、西割、松崎）
8695461,クマモトケン,アシキタグンアシキタマチ,アシキタ(ソノタ),熊本県,葦北郡芦北町,芦北（その他）
8696301,クマモトケン,アシキタグンアシキタマチ,アマツキ,熊本県,葦北郡芦北町,天月
8696306,クマモトケン,アシキタグンアシキタマチ,イチノセ,熊本県,葦北郡芦北町,市野瀬
8695307,クマモトケン,アシキタグンアシキタマチ,イムタ,熊本県,葦北郡芦北町,井牟田
8695304,クマモトケン,アシキタグンアシキタマチ,ウミノウラ,熊本県,葦北郡芦北町,海浦
8696215,クマモトケン,アシキタグンアシキタマチ,ウワバル,熊本県,葦北郡芦北町,上原
8696211,クマモトケン,アシキタグンアシキタマチ,エビラセ,熊本県,葦北郡芦北町,箙瀬
8696213,クマモトケン,アシキタグンアシキタマチ,オオイワ,熊本県,葦北郡芦北町,大岩
8695574,クマモトケン,アシキタグンアシキタマチ,オオカワチ,熊本県,葦北郡芦北町,大川内
8695422,クマモトケン,アシキタグンアシキタマチ,オオニタ,熊本県,葦北郡芦北町,大尼田
8696305,クマモトケン,アシキタグンアシキタマチ,オオノ,熊本県,葦北郡芦北町,大野
8695431,クマモトケン,アシキタグンアシキタマチ,オトジヤ,熊本県,葦北郡芦北町,乙千屋
8696216,クマモトケン,アシキタグンアシキタマチ,カイジ,熊本県,葦北郡芦北町,海路
8696304,クマモトケン,アシキタグンアシキタマチ,クニミ,熊本県,葦北郡芦北町,国見
8696214,クマモトケン,アシキタグンアシキタマチ,クロイワ,熊本県,葦北郡芦北町,黒岩
8695434,クマモトケン,アシキタグンアシキタマチ,クワバラ,熊本県,葦北郡芦北町,桑原
8695303,クマモトケン,アシキタグンアシキタマチ,コダノウラ,熊本県,葦北郡芦北町,小田浦
8695441,クマモトケン,アシキタグンアシキタマチ,サシキ,熊本県,葦北郡芦北町,佐敷
8696307,クマモトケン,アシキタグンアシキタマチ,シオヒタシ,熊本県,葦北郡芦北町,塩浸
8696302,クマモトケン,アシキタグンアシキタマチ,シライシ,熊本県,葦北郡芦北町,白石
8695452,クマモトケン,アシキタグンアシキタマチ,シライワ,熊本県,葦北郡芦北町,白岩
8696308,クマモトケン,アシキタグンアシキタマチ,シラキ,熊本県,葦北郡芦北町,白木
8695576,クマモトケン,アシキタグンアシキタマチ,タカオカ,熊本県,葦北郡芦北町,高岡
8695443,クマモトケン,アシキタグンアシキタマチ,タガワ,熊本県,葦北郡芦北町,田川
8695421,クマモトケン,アシキタグンアシキタマチ,タチカワ,熊本県,葦北郡芦北町,立川
8695302,クマモトケン,アシキタグンアシキタマチ,タノウラ,熊本県,葦北郡芦北町,田浦
8695305,クマモトケン,アシキタグンアシキタマチ,タノウラマチ,熊本県,葦北郡芦北町,田浦町
8696303,クマモトケン,アシキタグンアシキタマチ,ツゲ,熊本県,葦北郡芦北町,告
8695454,クマモトケン,アシキタグンアシキタマチ,ツルギヤマ,熊本県,葦北郡芦北町,鶴木山
8695571,クマモトケン,アシキタグンアシキタマチ,トヨオカ,熊本県,葦北郡芦北町,豊岡
8695453,クマモトケン,アシキタグンアシキタマチ,ハカリイシ,熊本県,葦北郡芦北町,計石
8695306,クマモトケン,アシキタグンアシキタマチ,ハタトウ,熊本県,葦北郡芦北町,波多島
8695442,クマモトケン,アシキタグンアシキタマチ,ハナオカ,熊本県,葦北郡芦北町,花岡
8695424,クマモトケン,アシキタグンアシキタマチ,フシキ,熊本県,葦北郡芦北町,伏木氏
8695575,クマモトケン,アシキタグンアシキタマチ,フルイシ,熊本県,葦北郡芦北町,古石
8695423,クマモトケン,アシキタグンアシキタマチ,マツバエ,熊本県,葦北郡芦北町,松生
8695572,クマモトケン,アシキタグンアシキタマチ,マルヤマ,熊本県,葦北郡芦北町,丸山
8695451,クマモトケン,アシキタグンアシキタマチ,ミチガワチ,熊本県,葦北郡芦北町,道川内
8695562,クマモトケン,アシキタグンアシキタマチ,ミヤザキ,熊本県,葦北郡芦北町,宮崎
8695432,クマモトケン,アシキタグンアシキタマチ,ミヤノウラ,熊本県,葦北郡芦北町,宮浦
8695564,クマモトケン,アシキタグンアシキタマチ,メシマ,熊本県,葦北郡芦北町,女島
8695433,クマモトケン,アシキタグンアシキタマチ,ヤハタ,熊本県,葦北郡芦北町,八幡
8695563,クマモトケン,アシキタグンアシキタマチ,ユノウラ,熊本県,葦北郡芦北町,湯浦
8695301,クマモトケン,アシキタグンアシキタマチ,ヨコイギ,熊本県,葦北郡芦北町,横居木
8696212,クマモトケン,アシキタグンアシキタマチ,ヨシオ,熊本県,葦北郡芦北町,吉尾
8695573,クマモトケン,アシキタグンアシキタマチ,ヨネダ,熊本県,葦北郡芦北町,米田
8695600,クマモトケン,アシキタグンツナギマチ,イカニケイサイガナイバアイ,熊本県,葦北郡津奈木町,以下に掲載がない場合
8695603,クマモトケン,アシキタグンツナギマチ,イワキ,熊本県,葦北郡津奈木町,岩城
8695604,クマモトケン,アシキタグンツナギマチ,コツナギ,熊本県,葦北郡津奈木町,小津奈木
8695601,クマモトケン,アシキタグンツナギマチ,チヨ,熊本県,葦北郡津奈木町,千代
8695602,クマモトケン,アシキタグンツナギマチ,ツナギ,熊本県,葦北郡津奈木町,津奈木
8695605,クマモトケン,アシキタグンツナギマチ,フクハマ,熊本県,葦北郡津奈木町,福浜
8680300,クマモトケン,クマグンニシキマチ,イカニケイサイガナイバアイ,熊本県,球磨郡錦町,以下に掲載がない場合
8680302,クマモトケン,クマグンニシキマチ,イチブ,熊本県,球磨郡錦町,一武
8680301,クマモトケン,クマグンニシキマチ,キノウエ,熊本県,球磨郡錦町,木上
8680303,クマモトケン,クマグンニシキマチ,ニシ,熊本県,球磨郡錦町,西
8680500,クマモトケン,クマグンタラギマチ,イカニケイサイガナイバアイ,熊本県,球磨郡多良木町,以下に掲載がない場合
8680504,クマモトケン,クマグンタラギマチ,オクノ,熊本県,球磨郡多良木町,奥野
8680503,クマモトケン,クマグンタラギマチ,クメ,熊本県,球磨郡多良木町,久米
8680502,クマモトケン,クマグンタラギマチ,クロヒジ,熊本県,球磨郡多良木町,黒肥地
8680501,クマモトケン,クマグンタラギマチ,タラギ,熊本県,球磨郡多良木町,多良木
8680505,クマモトケン,クマグンタラギマチ,ツキギ,熊本県,球磨郡多良木町,槻木
8680600,クマモトケン,クマグンユノマエマチ,イカニケイサイガナイバアイ,熊本県,球磨郡湯前町,以下に掲載がない場合
8680604,クマモトケン,クマグンユノマエマチ,アサカノ,熊本県,球磨郡湯前町,浅ケ野
8680611,クマモトケン,クマグンユノマエマチ,ウエキ,熊本県,球磨郡湯前町,植木
8680625,クマモトケン,クマグンユノマエマチ,カミイ,熊本県,球磨郡湯前町,上猪
8680621,クマモトケン,クマグンユノマエマチ,カミザト,熊本県,球磨郡湯前町,上里
8680622,クマモトケン,クマグンユノマエマチ,カミソメダ,熊本県,球磨郡湯前町,上染田
8680612,クマモトケン,クマグンユノマエマチ,カミムラ,熊本県,球磨郡湯前町,上村
8680601,クマモトケン,クマグンユノマエマチ,シタジョウ,熊本県,球磨郡湯前町,下城
8680607,クマモトケン,クマグンユノマエマチ,シモザト,熊本県,球磨郡湯前町,下里
8680605,クマモトケン,クマグンユノマエマチ,シモソメダ,熊本県,球磨郡湯前町,下染田
8680616,クマモトケン,クマグンユノマエマチ,シモムラ,熊本県,球磨郡湯前町,下村
8680615,クマモトケン,クマグンユノマエマチ,セドクチ,熊本県,球磨郡湯前町,瀬戸口
8680613,クマモトケン,クマグンユノマエマチ,タノエ,熊本県,球磨郡湯前町,田上
8680624,クマモトケン,クマグンユノマエマチ,ナカイ,熊本県,球磨郡湯前町,中猪
8680606,クマモトケン,クマグンユノマエマチ,ナカザト,熊本県,球磨郡湯前町,中里
8680623,クマモトケン,クマグンユノマエマチ,ノナカダ,熊本県,球磨郡湯前町,野中田
8680614,クマモトケン,クマグンユノマエマチ,ババ,熊本県,球磨郡湯前町,馬場
8680602,クマモトケン,クマグンユノマエマチ,ハマゴウ,熊本県,球磨郡湯前町,浜川
8680603,クマモトケン,クマグンユノマエマチ,フルジョウ,熊本県,球磨郡湯前町,古城
8680700,クマモトケン,クマグンミズカミムラ,イカニケイサイガナイバアイ,熊本県,球磨郡水上村,以下に掲載がない場合
8680701,クマモトケン,クマグンミズカミムラ,イワノ,熊本県,球磨郡水上村,岩野
8680702,クマモトケン,クマグンミズカミムラ,エシロ,熊本県,球磨郡水上村,江代
8680703,クマモトケン,クマグンミズカミムラ,ユヤマ,熊本県,球磨郡水上村,湯山
8680000,クマモトケン,クマグンサガラムラ,イカニケイサイガナイバアイ,熊本県,球磨郡相良村,以下に掲載がない場合
8680093,クマモトケン,クマグンサガラムラ,カワベ,熊本県,球磨郡相良村,川辺
8680094,クマモトケン,クマグンサガラムラ,フカミ,熊本県,球磨郡相良村,深水
8680095,クマモトケン,クマグンサガラムラ,ヤナセ,熊本県,球磨郡相良村,柳瀬
8680101,クマモトケン,クマグンサガラムラ,ヨウラ,熊本県,球磨郡相良村,四浦
8680200,クマモトケン,クマグンイツキムラ,イカニケイサイガナイバアイ,熊本県,球磨郡五木村,以下に掲載がない場合
8680201,クマモトケン,クマグンイツキムラ,コウ,熊本県,球磨郡五木村,甲
8680202,クマモトケン,クマグンイツキムラ,オツ,熊本県,球磨郡五木村,乙
8680203,クマモトケン,クマグンイツキムラ,ヘイ,熊本県,球磨郡五木村,丙
8680000,クマモトケン,クマグンヤマエムラ,イカニケイサイガナイバアイ,熊本県,球磨郡山江村,以下に掲載がない場合
8680091,クマモトケン,クマグンヤマエムラ,マエ,熊本県,球磨郡山江村,万江
8680092,クマモトケン,クマグンヤマエムラ,ヤマダ,熊本県,球磨郡山江村,山田
8696400,クマモトケン,クマグンクマムラ,イカニケイサイガナイバアイ,熊本県,球磨郡球磨村,以下に掲載がない場合
8696403,クマモトケン,クマグンクマムラ,イッショウチ,熊本県,球磨郡球磨村,一勝地
8696405,クマモトケン,クマグンクマムラ,オオセ,熊本県,球磨郡球磨村,大瀬
8696404,クマモトケン,クマグンクマムラ,コウノセ,熊本県,球磨郡球磨村,神瀬
8696402,クマモトケン,クマグンクマムラ,サンガウラ,熊本県,球磨郡球磨村,三ケ浦
8696401,クマモトケン,クマグンクマムラ,ワタリ,熊本県,球磨郡球磨村,渡
8680400,クマモトケン,クマグンアサギリチョウ,イカニケイサイガナイバアイ,熊本県,球磨郡あさぎり町,以下に掲載がない場合
8680421,クマモトケン,クマグンアサギリチョウ,ウエヒガシ,熊本県,球磨郡あさぎり町,上東
8680424,クマモトケン,クマグンアサギリチョウ,ウエニシ,熊本県,球磨郡あさぎり町,上西
8680423,クマモトケン,クマグンアサギリチョウ,ウエミナミ,熊本県,球磨郡あさぎり町,上南
8680422,クマモトケン,クマグンアサギリチョウ,ウエキタ,熊本県,球磨郡あさぎり町,上北
8680432,クマモトケン,クマグンアサギリチョウ,オカハルミナミ,熊本県,球磨郡あさぎり町,岡原南
8680431,クマモトケン,クマグンアサギリチョウ,オカハルキタ,熊本県,球磨郡あさぎり町,岡原北
8680451,クマモトケン,クマグンアサギリチョウ,スエ,熊本県,球磨郡あさぎり町,須恵
8680442,クマモトケン,クマグンアサギリチョウ,フカダヒガシ,熊本県,球磨郡あさぎり町,深田東
8680444,クマモトケン,クマグンアサギリチョウ,フカダニシ,熊本県,球磨郡あさぎり町,深田西
8680443,クマモトケン,クマグンアサギリチョウ,フカダミナミ,熊本県,球磨郡あさぎり町,深田南
8680441,クマモトケン,クマグンアサギリチョウ,フカダキタ,熊本県,球磨郡あさぎり町,深田北
8680425,クマモトケン,クマグンアサギリチョウ,ミナゴエ,熊本県,球磨郡あさぎり町,皆越
8680408,クマモトケン,クマグンアサギリチョウ,メンダヒガシ,熊本県,球磨郡あさぎり町,免田東
8680415,クマモトケン,クマグンアサギリチョウ,メンダニシ,熊本県,球磨郡あさぎり町,免田西
8632500,クマモトケン,アマクサグンレイホクマチ,イカニケイサイガナイバアイ,熊本県,天草郡苓北町,以下に掲載がない場合
8632505,クマモトケン,アマクサグンレイホクマチ,ウチダ,熊本県,天草郡苓北町,内田
8632502,クマモトケン,アマクサグンレイホクマチ,コウツフカエ,熊本県,天草郡苓北町,上津深江
8632501,クマモトケン,アマクサグンレイホクマチ,サカセガワ,熊本県,天草郡苓北町,坂瀬川
8632503,クマモトケン,アマクサグンレイホクマチ,シキ,熊本県,天草郡苓北町,志岐
8632506,クマモトケン,アマクサグンレイホクマチ,シラキオ,熊本県,天草郡苓北町,白木尾
8632504,クマモトケン,アマクサグンレイホクマチ,トシカラ,熊本県,天草郡苓北町,年柄
8632507,クマモトケン,アマクサグンレイホクマチ,トミオカ,熊本県,天草郡苓北町,富岡
8632611,クマモトケン,アマクサグンレイホクマチ,トロロ,熊本県,天草郡苓北町,都呂々